X3_ARQUIVO;X3_ORDEM;X3_CAMPO;X3_TIPO;X3_TAMANHO;X3_DECIMAL;X3_TITULO;X3_TITSPA;X3_TITENG;X3_DESCRIC;X3_DESCSPA;X3_DESCENG;X3_PICTURE;X3_VALID;X3_USADO;X3_RELACAO;X3_F3;X3_NIVEL;X3_RESERV;X3_CHECK;X3_TRIGGER;X3_PROPRI;X3_BROWSE;X3_VISUAL;X3_CONTEXT;X3_OBRIGAT;X3_VLDUSER;X3_CBOX;X3_CBOXSPA;X3_CBOXENG;X3_PICTVAR;X3_WHEN;X3_INIBRW;X3_GRPSXG;X3_FOLDER;X3_PYME;X3_CONDSQL;X3_CHKSQL;X3_IDXSRV;X3_ORTOGRA;X3_IDXFLD;X3_TELA;X3_AGRUP
SL2;05;L2_QUANT;N;10;3;Quantidade;Cantidad;Quantity;Quantidade Vendida;Cantidad Vendida;Quantity Sold;@E 999,999.999;IIF(LGRADE,A010QTDGRA(),.T.);€€€€€€€€€€€€€€ ;;;1;˜À;;S;;S;;;;;;;;;;;;;S;;#L2_QUANT  >0;N;N;N;;
SL3;02;L3_QUANT01;N;18;8;Quant.Mes 01;Ctd. Mes 01;Qty.Month 1;Quantidade Vendida Mes 01;Cantidad Vendida Mes 01;Quantity Sold in Month 1;@E 999,999,999.99999999;;€€€€€€€€€€€€€€ ;;;1;”à;;;;S;A;R;;;;;;;;;;;S;;;N;N;N;;
SL3;03;L3_QUANT02;N;18;8;Quant.Mes 02;Ctd. Mes 02;Qty.Month 2;Quantidade Vendida Mes 02;Cantidad Vendida Mes 02;Quantity Sold in Month 2;@E 999,999,999.99999999;;€€€€€€€€€€€€€€ ;;;1;”à;;;;S;A;R;;;;;;;;;;;S;;;N;N;N;;
SL3;04;L3_QUANT03;N;18;8;Quant.Mes 03;Ctd. Mes 03;Qty.Month 3;Quantidade Vendida Mes 03;Cantidad Vendida Mes 03;Quantity Sold in Month 3;@E 999,999,999.99999999;;€€€€€€€€€€€€€€ ;;;1;”à;;;;S;A;R;;;;;;;;;;;S;;;N;N;N;;
SL3;05;L3_QUANT04;N;18;8;Quant.Mes 04;Ctd. Mes 04;Qty.Month 4;Quantidade Vendida Mes 04;Cantidad Vendida Mes 04;Quantity Sold in Month 4;@E 999,999,999.99999999;;€€€€€€€€€€€€€€ ;;;1;”à;;;;S;A;R;;;;;;;;;;;S;;;N;N;N;;
SL3;06;L3_QUANT05;N;18;8;Quant.Mes 05;Ctd. Mes 05;Qty.Month 5;Quantidade Vendida Mes 05;Cantidad Vendida Mes 05;Quantity Sold in Month 5;@E 999,999,999.99999999;;€€€€€€€€€€€€€€ ;;;1;”à;;;;S;A;R;;;;;;;;;;;S;;;N;N;N;;
SL3;07;L3_QUANT06;N;18;8;Quant.Mes 06;Ctd. mes 06;Qty.Month 6;Quantidade Vendida Mes 06;Cantidad Vendida Mes 06;Quantity Sold in Month 6;@E 999,999,999.99999999;;€€€€€€€€€€€€€€ ;;;1;”à;;;;S;A;R;;;;;;;;;;;S;;;N;N;N;;
SL3;08;L3_QUANT07;N;18;8;Quant.Mes 07;Ctd. Mes 07;Qty.Month 7;Quantidade Vendida Mes 07;Cantidad Vendida Mes 07;Quantity Sold in Month 7;@E 999,999,999.99999999;;€€€€€€€€€€€€€€ ;;;1;”à;;;;S;A;R;;;;;;;;;;;S;;;N;N;N;;
SL3;09;L3_QUANT08;N;18;8;Quant.Mes 08;Ctd. Mes 08;Qty.Month 8;Quantidade Vendida Mes 08;Cantidad Vendida Mes 08;Quantity Sold in Month 8;@E 999,999,999.99999999;;€€€€€€€€€€€€€€ ;;;1;”à;;;;S;A;R;;;;;;;;;;;S;;;N;N;N;;
SL3;10;L3_QUANT09;N;18;8;Quant.Mes 09;Ctd. Mes 09;Qty.Month 9;Quantidade Vendida Mes 09;Cantidad Vendida Mes 09;Quantity Sold in Month 9;@E 999,999,999.99999999;;€€€€€€€€€€€€€€ ;;;1;”à;;;;S;A;R;;;;;;;;;;;S;;;N;N;N;;
SL3;11;L3_QUANT10;N;18;8;Quant.Mes 10;Ctd. Mes 10;Qty.Month 10;Quantidade Vendida Mes 10;Cantidad Vendida Mes 10;Quantity Sold in Month 10;@E 999,999,999.99999999;;€€€€€€€€€€€€€€ ;;;1;”à;;;;S;A;R;;;;;;;;;;;S;;;N;N;N;;
SL3;12;L3_QUANT11;N;18;8;Quant.Mes 11;Ctd. Mes 11;Qty.Month 11;Quantidade Vendida Mes 11;Cantidad Vendida Mes 11;Quantity Sold in Month 11;@E 999,999,999.99999999;;€€€€€€€€€€€€€€ ;;;1;”à;;;;S;A;R;;;;;;;;;;;S;;;N;N;N;;
SL3;13;L3_QUANT12;N;18;8;Quant.Mes 12;Ctd. Mes 12;Qty.Month 12;Quantidade Vendida Mes 12;Cantidad Vendida Mes 12;Quantity Sold in Month 12;@E 999,999,999.99999999;;€€€€€€€€€€€€€€ ;;;1;”à;;;;S;A;R;;;;;;;;;;;S;;;N;N;N;;
SLR;06;LR_QUANT;N;10;3;Quantidade;Cantidad;Quantity;Quantidade Vendida;Cantidad Vendida;Quantity;@E 999,999.999;Lj7VlItem( 1 );€€€€€€€€€€€€€€ ;;;1;Ÿ€;;;;;;;;;;;;;;;;;S;;;N;N;N;;
SA5;11;A5_QUANT01;N;18;8;1a. Quant.;1a. Cantidad;1st Quantity;Quantidade da 1a. Compra;Cantidad de la 1a. Compra;Quantity 1st Purchase;@E 999,999,999.99999999;;€€€€€€€€€€€€€€ ;;;1;šÀ;;;;N;A;R;;;;;;;;;;1;S;;;N;N;N;;
SB1;31;B1_EMIN;N;18;8;Ponto Pedido;Punto Pedido;Order Point;Ponto de Pedido;Punto de Pedido;Order Point;@E 999,999,999.99;;€€€€€€€€€€€€€€ ;;;1;žÀ;;;;N;;;;Positivo();;;;;;;;3;S;;;N;N;N;;
SB1;39;B1_ESTSEG;N;18;8;Seguranca;Seguridad;Safety Inv.;Estoque de Seguranca;Stock de Seguridad;Security Inventory;@E 999,999,999.99;;€€€€€€€€€€€€€€ ;;;1;žÀ;;;;N;;;;Positivo();;;;;;;;3;S;;;N;N;N;;
SB1;43;B1_LE;N;18;8;Lote Econom.;Lote Econom.;Economic Lot;Lote Economico;Lote Economico;Economic Lot;@E 999,999,999.99;A010Mult();€€€€€€€€€€€€€€ ;;;1;žÀ;;;;N;;;;Positivo();;;;;;;;3;S;;;N;N;N;;
SB1;44;B1_LM;N;18;8;Lote Minimo;Lote Minimo;Minimum Lot;Lote Minimo;Lote Minimo;Minimum Lot;@E 999,999,999.99;Positivo();€€€€€€€€€€€€€€ ;;;1;žÀ;;;;N;;;;Positivo();;;;;;;;3;S;;;N;N;N;;
SBZ;07;BZ_EMIN;N;18;8;Ponto Pedido;Punto Pedido;Order Point;Ponto de Pedido;Punto de Pedido;Order Point;@E 999,999.99999999;;¼ÿ€€€€€€€€€€€€€€€€;;;1;šÀ;;;;N;;;;Positivo();;;;;;;;1;S;;;N;N;N;;
SBZ;12;BZ_ESTSEG;N;18;8;Seguranca;Seguridad;Safety Inv.;Estoque de Seguranca;Stock de Seguridad;Security Inventory;@E 999,999.99999999;;¼ù€€€€€€€€€€€€€€€€;;;1;šÀ;;;;N;;;;Positivo();;;;;;;;1;S;;;N;N;N;;
SBZ;17;BZ_LE;N;18;8;Lote Econom.;Lote Econom.;Economic Lot;Lote Economico;Lote Economico;Economic Lot;@E 999,999.99999999;A018Mult();¼û„€€€€€€€€€€€€€€€;;;1;šÀ;;;;N;;;;Positivo();;;;;;;;1;S;;;N;N;N;;
SBZ;18;BZ_LM;N;18;8;Lote Minimo;Lote Minimo;Minimum Lot;Lote Minimo;Lote Minimo;Minimum Lot;@E 999,999.99999999;Positivo();¼û€€€€€€€€€€€€€€€€;;;1;šÀ;;;;N;;;;Positivo();;;;;;;;1;S;;;N;N;N;;
SB2;03;B2_QFIM;N;18;8;Qtd. Fim Mes;Ctd. Fin Mes;Qty.End Mnth;Saldo em qtde no fim mes;Saldo en Ctd. al Fin Mes;Balance at end of month;@E 999,999.99999999;;€€€€€€€€€€€€€€€;;;1;š€;;;;N;A;R;;;;;;;;;;;S;;;N;N;N;;
SB2;06;B2_QATU;N;18;8;Saldo Atual;Saldo Actual;Curr.Balance;Saldo atual;Saldo Actual;Current Balance;@E 999,999.99999999;;€€€€€€€€€€€€€€ ;;;1;šÀ;;;;S;A;R;;;;;;;;;;;S;;;N;N;N;;
SB2;22;B2_QEMP;N;18;8;Empenho;Reservado;Allocated;Quantidade Empenhada;Cantidad Reservada;Quantity Allocated;@E 999,999.99999999;;€€€€€€€€€€€€€€ ;;;1;šÀ;;;;N;A;R;;;;;;;;;;;S;;;N;N;N;;
SB2;23;B2_QEMPN;N;18;8;Qtd. Emp. NF;Ctd.Resr.Fac;Qty.All.Inv.;Qtde Empenhada para N.F.s;Cantidad Reservada p/Fact;Quantity Allocated Inv.;@E 999,999.99999999;;€€€€€€€€€€€€€€€;;;1;šÀ;;;;N;A;R;;;;;;;;;;;S;;;N;N;N;;
SB2;26;B2_RESERVA;N;18;8;Qtd. Reserva;Ctd. Reserva;Reserve Qty.;Quantidade Reservada;Cantidad Reservada;Quantity Reserved;@E 999,999.99999999;;€€€€€€€€€€€€€€€;;;1;šÀ;;;;N;A;R;;;;;;;;;;;S;;;N;N;N;;
SB2;27;B2_QPEDVEN;N;18;8;Qtd.Ped.Vend;Ctd.Ped.Vent;Quantity S.O;Quantidade Pedido Vendas;Cantidad Pedido de Ventas;Sales Order Quantity;@E 999,999.99999999;;€€€€€€€€€€€€€€€;;;1;šÀ;;;;N;A;R;;;;;;;;;;;S;;;N;N;N;;
SB2;29;B2_NAOCLAS;N;18;8;Qtd.N.Endere;Ctd.N.Direcc;Amt.N.Addres;Quantidade nao Enderecada;Cantidad no Direccionada;Amount not addressed;@E 999,999.99999999;;€€€€€€€€€€€€€€€;;;1;šÀ;;;;N;A;R;;;;;;;;;;;S;;;N;N;N;;
SB2;30;B2_SALPEDI;N;18;8;Qtd.Prevista;Ctd.Prevista;Expected Qty;Qtde prevista p/ entrar;Ctd. Prevista para Entrar;Expected Inflow;@E 999,999.99999999;;€€€€€€€€€€€€€€€;;;1;šÀ;;;;N;A;R;;;;;;;;;;;S;;;N;N;N;;
SB2;33;B2_QTNP;N;18;8;Qt.Ter.Ns.Pd;Ctd.3o.Nu.Pd;3rd Py O Pow;Qtd. Terc. em Nosso Poder;Ctd.de 3o.en Nuestro Pode;Quant.3rd Party our Posse;@E 999,999.99999999;;€€€€€€€€€€€€€€€;;;1;šÀ;;;;N;A;R;;;;;;;;;;;S;;;N;N;N;;
SB2;34;B2_QNPT;N;18;8;Qt.Ns.Pd.Ter;Ctd.Nu.Pd.3o;Our Qty 3rdP;Qtd. Nosso em Poder Terc.;Ctd.Nuestra en Poder de3o;Our Quant.w/ 3rd Parties;@E 999,999.99999999;;€€€€€€€€€€€€€€€;;;1;šÀ;;;;N;A;R;;;;;;;;;;;S;;;N;N;N;;
SB2;35;B2_QTER;N;18;8;Saldo Pod.3;Saldo Pod.3o;Bal.3rd Part;Saldo Poder 3.;Saldo Poder Tercero;Balance 3rd Parties;@E 999,999.99999999;;€€€€€€€€€€€€€€€;;;1;šÀ;;;;N;A;R;;;;;;;;;;;S;;;N;N;N;;
SB2;37;B2_QACLASS;N;18;8;Qtd.a Endere;Ctd.a Encami;Amt.to be Ad;Quantidade a Enderecar;Cantidad a encaminar;Amount to be Address.;@E 999,999.99999999;;€€€€€€€€€€€€€€ ;;;1;˜€;;;;N;A;R;;;;;;;;;;;S;;;N;N;N;;
SB2;36;B2_QFIM2;N;18;8;Qt.Fim Mes 2;Ctd.Fin Mes2;Qty.End Mth2;Qtd. Fim mes 2a UM;Ctd. Fin Mes 2a. UM;Quantity Month End  UM2;@E 999,999.99999999;;€€€€€€€€€€€€€€ ;;;1;š€;;;;N;A;R;;;;;;;;;;;S;;;N;N;N;;
SB2;24;B2_QTSEGUM;N;18;8;Qtd. 2a UM;Ctd 2a. UM;2nd Unit Mea;Qtde na Segunda Unidade;Cantidad 2a. Unidad Medid;Quantity in Second Unit;@E 999,999.99999999;;€€€€€€€€€€€€€€ ;;;1;šÀ;;;;N;A;R;;;;;;;;;;;S;;;N;N;N;;
SB3;03;B3_Q01;N;18;8;Qtd. Mes 01;Ctd. Mes 01;Qty Month 01;Quantidade do mes 01;Cantidad del Mes 01;Quantity in Month 01;@E 999,999.99999999;positivo();€€€€€€€€€€€€€€ ;;;1;žÀ;;;;S;;;;;;;;;;;;;S;;;N;N;N;;
SB3;16;B3_MEDIA;N;18;8;Med. Consumo;Prom Consumo;AverageCons.;Media do consumo anual;Promedio Consumo Anual;Yearly Consump. Average;@E 999,999.99999999;positivo();€€€€€€€€€€€€€€ ;;;1;žÀ;;;;N;;;;;;;;;;;;;S;;;N;N;N;;
SB6;10;B6_QUANT;N;18;8;Quantidade;Cantidad;Quantity;Quantidade;Cantidad;Quantity;@E 999,999.99999999;;€€€€€€€€€€€€€€ ;;;1;›€;;;;N;A;R;;;;;;;;;;;S;;;N;N;N;;
SB6;23;B6_QULIB;N;18;8;Quant.Lib.;Ctd.Aprobada;Approved;Quantidade Liberada;Cantidad Aprobada;Approved Quantity;@E 999,999.99999999;;€€€€€€€€€€€€€€ ;;;1;šÀ;;;;N;A;R;;;;;;;;;;;S;;;N;N;N;;
SB6;26;B6_SALDO;N;18;8;Saldo;Saldo;Balance;Saldo Poder Terceiros;Saldo en Poder Terceros;Balance in 3rd Parties;@E 999,999.99999999;;€€€€€€€€€€€€€€ ;;;1;šÀ;;;;N;A;R;;;;;;;;;;;S;;;N;N;N;;
SB6;22;B6_QTSEGUM;N;18;8;Qtd.Seg.UM;Ctd. 2a. UM;2nd.Meas.Uni;Quant. Seg. Unid. Medida;Cantidad 2a Unidad Medida;Qty 2nd Unit of Measure;@E 999,999.99999999;;€€€€€€€€€€€€€€ ;;;1;šÀ;;;;N;A;R;;;;;;;;;;;S;;;N;N;N;;
SB7;06;B7_QUANT;N;18;8;Quantidade;Cantidad;Quantity;Quantidade inventariada;Cantidad Inventariada;Quantity in Stock;@E 999,999.99999999;positivo().and.A270Conv();€€€€€€€€€€€€€€ ;;;1;šÀ;;;;S;A;R;;;;;;;;;;;S;;;N;N;N;;
SB7;07;B7_QTSEGUM;N;18;8;Qtd. 2a UM;Ctd. 2a. UM;2nd Unit Mea;Qtde na 2a unidade medida;Cantidad 2a Unidad Medida;Quantity 2nd Unit Meas.;@E 999,999.99999999;positivo().and.A270Conv();€€€€€€€€€€€€€€ ;;;1;šÀ;;;;N;A;R;;;;;;;;;;;S;;;N;N;N;;
SB8;02;B8_QTDORI;N;18;8;Qtd.Original;Ctd.Original;Original Qty;Quantidade Original;Cantidad Original;Original Quantity;@E 999,999.99999999;;€€€€€€€€€€€€€€ ;;;1;š€;;;;N;A;R;;;;;;;;;;;S;;;N;N;N;;
SB8;07;B8_SALDO;N;18;8;Saldo Lote;Sldo Lote;Lot Balance;Saldo do Lote;Saldo del Lote;Lot Balance;@E 999,999.99999999;;€€€€€€€€€€€€€€ ;;;1;š€;;;;S;A;R;;;;;;;;;;;S;;;N;N;N;;
SB8;08;B8_EMPENHO;N;18;8;Emp. do Lote;Res. Lote;Lot Alloc.;Empenho do Lote;Reserva del Lote;Lot Allocation;@E 999,999.99999999;;€€€€€€€€€€€€€€ ;;;1;›€;;;;S;A;R;;;;;;;;;;;S;;;N;N;N;;
SB9;05;B9_QINI;N;18;8;Qtd.Inic.Mes;Ctd.Inic.Mes;Mth.Int.Qty.;Qtde inicial no mes;Ctd. Inicial en el Mes;Month Initial Quantity;@E 999,999.99999999;AQtdGr220() .And. A220SegUM();€€€€€€€€€€€€€€ ;;;1;šÀ;;;;S;A;R;;;;;;;;;;;S;;;N;N;N;;
SB9;06;B9_QISEGUM;N;18;8;Qt.Ini.2a UM;Ctd.Ini.2aUM;Beg.2 U.Meas;Qtde Incial na 2a. UM;Ctd. Inicial en 2a. UM;Beginn. Quantity 2nd UM;@E 999,999.99999999;AQtdGr220() .And. Positivo() .And. A220PriUM();€€€€€€€€€€€€€€ ;;;1;šÀ;;;;S;A;R;;;;;;;;;;;S;;;N;N;N;;
SBC;10;BC_QUANT;N;18;8;Qtd Perda;Ctd. Perdida;Loss Qty.;Quantidade da Perda;Cantidad de la Perdida;Quantity of Loss;@E 999,999.99999999;A685QTDUM() .AND. Positivo();€€€€€€€€€€€€€€€;;;1;šÀ;;S;;N;A;R;;;;;;;;;;;S;;;N;N;N;;
SBC;11;BC_QTSEGUM;N;18;8;Qtd Perd 2UM;Ctd Perd 2UM;Loss Qty 2UM;Quantidade Perda 2a.U.M.;Cantidad Perdida 2a.U.M.;Destination quant. 2nd UM;@E 999,999.99999999;A685QTDUM() .AND. POSITIVO();€€€€€€€€€€€€€€€;;;1;žÀ;;;;N;A;R;;;;;;;;;;;S;;;N;N;N;;
SBC;16;BC_QTDDEST;N;18;8;Qtd Destino;Ctd. Destino;Destinat.Qty;Quantidade Destino;Cantidad Destino;Quantity Target;@E 999,999.99999999;A685QTDUM() .AND. Positivo();€€€€€€€€€€€€€€€;;;1;šÀ;;;;N;A;R;;;;;;;;;;;S;;;N;N;N;;
SBC;17;BC_QTDDES2;N;18;8;Qtd Dest 2UM;Ctd Dest 2UM;Dest Qty 2UM;Quantidade Destino 2a.U.M;Cantidade Destino 2a.U.M;Destination quant. 2nd UM;@E 999,999.99999999;A685QTDUM() .AND. POSITIVO();€€€€€€€€€€€€€€€;;;1;žÀ;;;;N;A;R;;;;;;;;;;;S;;;N;N;N;;
SBD;09;BD_QINI;N;18;8;Qtd. Inicio;Ctd. Inicial;Ini.Quantity;Quantidade Inicio;Cantidad Inicial;Initial Quantity;@E 999,999.99999999;Positivo() .AND. A221QUANT();¬°€€€‰ð€€€€€€‚€;;;1;šÀ;;;;S;A;R;;;;;;;;;;;S;;;N;N;N;;
SBD;07;BD_QUANT;N;18;8;Quantidade;Cantidad;Quantity;Quantidade;Cantidad;Quantity;@E 999,999.99999999;Positivo();€€€€€€€€€€€€€€€;;;1;š€;;;;S;A;R;;;;;;;;;;;S;;;N;N;N;;
SBD;16;BD_QFIM;N;18;8;Qtd. Final;Ctd. Final;Final Qty.;Quantidade Final;Cantidad Final;Final quantity;@E 999,999.99999999;Positivo();€€€€€€€€€€€€€€€;;;1;š€;;;;N;A;R;;;;;;;;;;;S;;;N;N;N;;
SBD;10;BD_QINI2UM;N;18;8;Qtd.Ini 2 UM;Ctd.Ini 2aUM;Ini.Qty S.U.;Quantidade Inicio 2 UM;Cantidad Inicio 2a U.Med.;Ini. Quantity 2 Meas.Unit;@E 999,999.99999999;Positivo() .AND. A221QUANT();¬°€€€‰ð€€€€€€‚€;;;1;šÀ;;;;S;A;R;;;;;;;;;;;S;;;N;N;N;;
SBD;08;BD_QT2UM;N;18;8;Quant. 2 UM;Ctd. 2a UM;2nd Unit Mea;Quantidade 2 UM;Cantidad 2a Unidad Medida;Quantity 2nd Meas. Unit;@E 999,999.99999999;Positivo();€€€€€€€€€€€€€€€;;;1;š€;;;;S;A;R;;;;;;;;;;;S;;;N;N;N;;
SBD;17;BD_QFIM2UM;N;18;8;Qtd.Fim 2 UM;Ctd.Fin 2aUM;Final2nd S.U;Quantidade Final 2 UM;Cantidad Final 2a. U.Med.;Final Quantity 2 Meas.Uni;@E 999,999.99999999;Positivo();€€€€€€€€€€€€€€€;;;1;š€;;;;N;A;R;;;;;;;;;;;S;;;N;N;N;;
SBF;09;BF_QUANT;N;18;8;Quantidade;Cantidad;Quantity;Quantidade no Endedeco;Cantidad en Ubicacion;Quantity in Address;@E 999,999.99999999;;¬Ô€€€‰ð€€€€€€‚€;;;1;›€;;;;S;A;R;;;;;;;;;;;S;;;N;N;N;;
SBF;10;BF_EMPENHO;N;18;8;Empenho;Reserva;Allocated;Empenho no Endereco;Reserva en la Ubicacion;Allocated at Address;@E 999,999.99999999;;¬Ð€€€‰ð€€€€€€‚€;;;1;š€;;;;S;A;R;;;;;;;;;;;S;;;N;N;N;;
SBF;11;BF_QEMPPRE;N;18;8;Empen. Previ;Res.Previs;Forec.Alloc.;Quantidade Empenhada Prev;Cantidad Reservada Prev;Quantity Allocated Forec.;@E 999,999.99999999;;€€€€€€€€€€€€€€€;;;1;šÀ;;;;N;A;R;;;;;;;;;;;S;;;N;N;N;;
SBF;12;BF_QTSEGUM;N;18;8;Qtd. 2a UM;Ctd 2a. UM;2nd Unit Mea;Qtde na Segunda Unidade;Cantidad 2a Unidad Medid;Quantity in Second Unit;@E 999,999.99999999;;€€€€€€€€€€€€€€ ;;;1;šÀ;;;;N;A;R;;;;;;;;;;;S;;;N;N;N;;
SBF;13;BF_EMPEN2;N;18;8;Empenho 2UM;Reserva 2UM;Allocated 2;Empenho Endereco na 2a UM;Reserva Ubicacion 2a UM;Allocated Address  2nd UM;@E 999,999.99999999;;¬Ð€€€‰ð€€€€€€‚€;;;1;š€;;;;N;A;R;;;;;;;;;;;S;;;N;N;N;;
SBF;14;BF_QEPRE2;N;18;8;Emp.Prev.2UM;Res.Prev.2;Fore.Alloc.2;Qtde Emp. Prevista 2a UM;Cantidad Reservada Prev 2;Qty. Allocated Forec. 2;@E 999,999.99999999;;€€€€€€€€€€€€€€€;;;1;šÀ;;;;N;A;R;;;;;;;;;;;S;;;N;N;N;;
SBH;06;BH_QUANT;N;18;8;Quantidade;Cantidad;Quantity;Quantidade Utilizada;Cantidad Utilizada;Quantity Used;@E 999,999.99999999;;€€€€€€€€€€€€€€ ;;;1;›€;;;;N;;;;Positivo();;;;;;;;;S;;;N;N;N;;
SC0;09;C0_QUANT;N;18;8;Quantidade;Cantidad;Quantity;Qtd. reservada/Saldo;Cantidad Reservada;Quantity Reserved;@E 999,999.99999999;A430Quant() .And. A430LotQtd();€€€€€€€€€€€€€€ ;;;1;›€;;S;;S;A;R;;;;;;;a430Vld();;;;S;;;N;N;N;;
SC1;06;C1_QUANT;N;18;8;Quantidade;Cantidad;Quantity;Quantidade da SC;Cantidad de la SC;Quantity Purchase Requis.;@E 999,999.99999999;positivo().and.A110QtdGra().and.A110valid("Q").And.A100Segum().And.PMSQtdeSC();€€€€€€€€€€€€€€ ;;;1;›€;;;;S;A;R;;;;;;;;;;;S;;;N;N;N;;
SC1;25;C1_QUJE;N;18;8;Quant.em Ped;Ctd.en Pedid;Order Qty.;Quantidade em Pedido;Cantidad en Pedido;Quantity in Orders;@E 999,999.99999999;;€€€€€€€€€€€€€€€;;;1;œÀ;;;;S;A;R;;;;;;;;;;;S;;;N;N;N;;
SC1;08;C1_QTSEGUM;N;18;8;Qtd. 2a UM;Ctd 2a. UM;2nd M.U.Qty.;Qtde na Segunda Unidade;Cantidad 2a.Unidad Medida;Quantity in 2 Meas.Unit;@E 999,999.99999999;(positivo().or.Vazio()).and.A110QtdGra().And.A100Segum().And.PMSQtdeSC();€€€€€€€€€€€€€€ ;;;1;šÀ;;;;N;A;R;;;;;;;;;;;S;;;N;N;N;;
SC2;08;C2_QUANT;N;18;8;Quantidade;Cantidad;Quantity;Quantidade da OP;Cantidad de la Ord. Prod.;Production Order Quantity;@E 999,999.99999999;AQtdGrade() .And. A650Quant() .And. Positivo() .Or. Vazio();€€€€€€€€€€€€€€ ;;;1;›€;;;;N;A;R;;;;;;;;;;;S;;;N;N;N;;
SC2;15;C2_QUJE;N;18;8;Qtd.Produzid;Ctd.Producid;Produced Qty;Qtde Produzida;Cantidad Producida;Quantity Produced;@E 999,999.99999999;;€€€€€€€€€€€€€€€;;;1;šÀ;;;;N;A;R;;;;;;;;;;;S;;;N;N;N;;
SC2;54;C2_PERDA;N;18;8;Perda;Perdida;Loss;Perda da OP;Perdida de la OP;Production Order Loss;@E 999,999.99999999;;€€€€€€€€€€€€€€€;;;1;šÀ;;;;N;A;R;;;;;;;;;;;S;;;N;N;N;;
SC2;57;C2_QTUPROG;N;18;8;Qtde Ult.MRP;Ctd Ult. MRP;Qty.Lst.Date;Qtde Rep. Ultimo MRP;Ctd. Rep. Ultimo MRP;Last MRP Repos. Qty;@E 999,999.99999999;;€€€€€€€€€€€€€€€;;;1;šÀ;;;;N;A;R;;;;;;;;;;;S;;;N;N;N;;
SC2;67;C2_QTSEGUM;N;18;8;Qtd 2a UM;Ctd. 2a. UM;2nd.U.Meas.;Quantidade 2a UM da OP;Cantidad 2a. UM de la OP;2nd. Meas.Unit Prod.Order;@E 999,999.99999999;A650QtSeg().And.AQtdGrade();€€€€€€€€€€€€€€ ;;;1;šÀ;;;;N;A;R;;;;;;;;;;;S;;;N;N;N;;
SC3;07;C3_QUANT;N;18;8;Quantidade;Cantidad;Quantity;Quantidade pedida;Cantidad Pedida;Quantity Lost;@E 999,999.99999999;A125QtdGra().and.positivo().and.A125Quant(M->C3_QUANT).and.MaFisRef("IT_QUANT","MT120",M->C3_QUANT);€€€€€€€€€€€€€€€;;;1;›€;;S;;S;A;R;;;;;;;;;;;S;;;N;N;N;;
SC3;19;C3_QUJE;N;18;8;Qtd.Entregue;Ctd. Entrega;Qty.Delivery;Quantidade ja' entregue;Cantidad ya Entregada;Quantity already deliverd;@E 999,999.99999999;;€€€€€€€€€€€€€€€;;;1;šÀ;;;;N;A;R;;;;;;;;;;;S;;;N;N;N;;
SC4;05;C4_QUANT;N;18;8;Quantidade;Cantidad;Quantity;Quantidade da previsao;Cantidad de la Prevision;Forecast Quantity;@E 999,999.99999999;positivo().and.a700qtdgra();€€€€€€€€€€€€€€ ;;;1;›€;;;;S;A;R;;;;;;;;;;;S;;;N;N;N;;
SC6;06;C6_QTDVEN;N;18;8;Quantidade;Cantidad;Quantity;Quantidade Vendida;Cantidad vendida;Sold Quantity;@E 999,999.99999999;A410QTDGRA() .AND. A410SegUm().and.A410MultT().and.a410Refr("C6_QTDVEN");€€€€€€€€€€€€€€ ;;;1;›€;;;;S;A;R;;positivo();;;;;;;;;S;;;N;N;N;;
SC6;09;C6_QTDLIB;N;18;8;Qtd.Liberada;Ctd Aprobada;Amt Approved;Quantidade Liberada;Cantidad Aprobada;Amount Approved;@E 999,999.99999999;A410QTDGRA() .AND. A440Qtdl() .and. a410MultT().and.a410Refr("C6_QTDLIB");€€€€€€€€€€€€€€ ;;;1;ž€;;;;N;A;R;;positivo();;;;;;;;;S;;;N;N;N;;
SC6;11;C6_QTDLIB2;N;18;8;Qtd.Lib 2aUM;Ctd.Lib 2aUM;Qt.Rls.2UoM;Quantidade Liberada 2a UM;Cantidad Aprobada 2a UM;Quantity Released 2nd UOM;@E 999,999.99999999;;€€€€€€€€€€€€€€ ;;;1;šÀ;;;;N;A;R;;positivo();;;;;;;;;S;;;N;N;N;;
SC6;82;C6_QTDEMP;N;18;8;Qt Empenhada;Ctd.Reservad;Qty.Employed;Quantidade Empenhada;Cantidad Reservada;Alloccated Quantity;@E 999,999.99999999;;€€€€€€€€€€€€€€ ;;;1;˜À;;;;N;A;R;;;;;;;;;;;S;;;N;N;N;;
SC6;83;C6_QTDEMP2;N;18;8;Qt Seg. Emp;Ctd Seg. Res;Qty.2dn All.;Qtd. Seg. UN Empenhada;Ctd. Seg. UN Reservada;Sec. Unit Allocated Qtt.;@E 999,999.99999999;;€€€€€€€€€€€€€€ ;;;1;˜À;;;;N;A;R;;;;;;;;;;;S;;;N;N;N;;
SC6;18;C6_QTDENT;N;18;8;Qtd.Entregue;Ctd.Entregad;Qty.Delivery;Quantidade Entregue;Cantidad Entregada;Quantity Delivered;@E 999,999.99999999;;€€€€€€€€€€€€€€ ;;;1;˜À;;;;N;A;R;;;;;;;;;;;S;;;N;N;N;;
SC6;17;C6_QTDENT2;N;18;8;Qtd.Seg Ent.;Ctd.Seg Ent.;Qty.2nd Del.;Qtd.Seg. UM Entregue;Ctd. Seg. UM Entregada;Sec. Unit Delivered Qtt.;@E 999,999.99999999;;€€€€€€€€€€€€€€ ;;;1;˜À;;;;N;A;R;;;;;;;;;;;S;;;N;N;N;;
SC6;15;C6_UNSVEN;N;18;8;Qtd Ven 2 UM;Ctd.Ven 2aUM;Qty.Sold 2UM;Quant. Vend. na 2 Unid M.;Ctd. Vend. en 2a.Unid.Med;Quantity Sold 2 Meas.Unit;@E 999,999.99999999;A410Quant().and.(positivo().or.vazio());€€€€€€€€€€€€€€ ;;;1;šÀ;;;;N;A;R;;;;;;;;;;;S;;;N;N;N;;
SC6;13;C6_SLDALIB;N;18;8;Sld a Liber.;Saldo Aprob.;Bal. Approve;Saldo a Liberar;Saldo por Aprobar;Balance to Approve;@E 999,999.99999999;;€€€€€€€€€€€€€€€;Ma440SaLib();;1;šÀ;;;;N;V;V;;;;;;;;;;;S;;;N;N;N;;
SC7;06;C7_QUANT;N;18;8;Quantidade;Cantidad;Quantity;Quantidade pedida;Cantidad Pedida;Loss Quantity;@E 999,999.99999999;A120QTDGRA().AND.Positivo().And.A120Quant(M->C7_QUANT).And.MaFisRef("IT_QUANT","MT120",M->C7_QUANT).And.a120Tabela();€€€€€€€€€€€€€€ ;;;1;›€;;S;;S;A;R;;;;;;;;;;;S;;;N;N;N;;
SC7;34;C7_QUJE;N;18;8;Qtd.Entregue;Ctd. Entrega;Qty.Delivery;Quantidade ja' entregue;Cantidad ya Entregada;Qty already delivered;@E 999,999.99999999;;€€€€€€€€€€€€€€€;;;1;šÀ;;;;S;V;R;;;;;;;;;;;S;;;N;N;N;;
SC7;53;C7_QTDACLA;N;18;8;Qtd.a Classi;Ctd.a Clasif;Qty.to Class;Qtde a Classificar;Cantidad a Clasificar;Quantity to Be Classified;@E 999,999.99999999;;€€€€€€€€€€€€€€€;;;1;šÀ;;;;N;V;R;;;;;;;;;;;S;;;N;N;N;;
SC7;08;C7_QTSEGUM;N;18;8;Qtd. 2a UM;Ctd 2a. UM;2nd Unit Mea;Qtde na Segunda Unidade;Cantidad 2a.Unidad Medida;Quantity in Second Unit;@E 999,999.99999999;A120QtdGra().and.(Positivo().or.Vazio()).and.A100Segum().And.a120Tabela();€€€€€€€€€€€€€€ ;;;1;šÀ;;;;N;A;R;;;;;;;;;;;S;;;N;N;N;;
SC8;06;C8_QUANT;N;12;2;Quantidade;Cantidad;Quantity;Quantidade cotada;Cantidad Cotizada;Quantity Valuated;@E 999999999.99;A150Quant(M->C8_QUANT);€€€€€€€€€€€€€€¨;;;1;€;;S;;S;V;;;;;;;;;;;;S;;;N;N;N;;
SC8;46;C8_QTSEGUM;N;11;2;Qtd. 2a UM;Ctd. 2a. UM;2nd Unit Mea;Qtde na Segunda Unidade;Cantidad en la 2a. Unidad;Quantity in Second Unit;@E 99999999.99;Positivo().or.Vazio();€€€€€€€€€€€€€€ ;;;1;šÀ;;;;S;V;;;;;;;;;;;;S;;;N;N;N;;
SC8;09;C8_QTDCTR;N;9;2;Qtd.p/ Ctr.;Ctd.p/Contr.;Contr. Qty;Quantidade para Contrato;Cantidad para Contrato;Contract Quantity;@E 999,999.99;Positivo();€€€€€€€€€€€€€€€;;;1;šÀ;;;;N;;;;;;;;;;;;;S;;;N;N;N;;
SC9;08;C9_QTDLIB;N;18;8;Qt Liberada;Ctd.Aprobad.;Approved Qty;Quantidade Liberada;Cantidad Aprobada;Quantity Released;@E 999,999.99999999;;€€€€€€€€€€€€€€ ;;;1;šÀ;;;;S;A;R;;;;;;;;;;;S;;;N;N;N;;
SC9;28;C9_QTDRESE;N;18;8;Qtd.Reserva;Ctd.Reservad;Reserved;Qtd.Reservada;Cantidad Reservada;Allocated Quantity;@E 999,999.99999999;;€€€€€€€€€€€€€€€;;;1;šÀ;;;;N;V;R;;;;;;;.F.;;;;S;;;N;N;N;;
SCE;08;CE_QUANT;N;18;8;Qtd.Entrega;Ctd. Entrega;Qty Delivery;Quantidade p/ Entrega;Cantidad para Entregar;Quantity for Delivery;@E 999,999.99999999;positivo() .And. A160Grade();€€€€€€€€€€€€€€ ;;;1;š€;;;;N;;;;;;;;;;;;;S;;;N;N;N;;
SCK;05;CK_QTDVEN;N;18;8;Quantidade;Cantidad;Quantity;Quantidade Vendida;Cantidad Vendida;Quantity Sold;@E 999,999.99999999;Positivo() .And. a415QtdVen();€€€€€€€€€€€€€€ ;;;1;›€;;S;;S;A;R;;;;;;;;;;;S;;;N;N;N;;
SCL;05;CL_QUANT;N;18;8;Quantidade;Cantidad;Quantity;Quantidade Vendida;Cantidad Vendida;Quantity Sold;@E 999,999.99999999;Positivo() .And. A415SCLQtd();€€€€€€€€€€€€€€ ;;;1;›€;;;;S;A;R;;;;;;;;;;;S;;;N;N;N;;
SCL;08;CL_QTDVEN;N;18;8;Necessidade;Necesidad;Necessity;Quantidade Necessaria;Cantidad Necesaria;Quantity Required;@E 999,999.99999999;;€€€€€€€€€€€€€€ ;;;1;š€;;;;N;V;V;;;;;;;;;;;S;;;N;N;N;;
SD1;47;D1_QTDEDEV;N;18;8;Qtde Devol.;Ctd. Devuel.;Qty.Returned;Qtde Devolvida;Cantidad Devuelta;Quantity Returned;@E 999,999.99999999;;€€€€€€€€€€€€€€€;;;1;šÀ;;;;N;A;R;;;;;;;;;;;S;;;N;N;N;;
SD1;07;D1_QUANT;N;18;8;Quantidade;Cantidad;Quantity;Quantidade do Produto;Cantidad del Producto;Product Quantity;@E 999,999.99999999;A103TOLER().And.Positivo().And.A100SegUm().And.MaFisRef("IT_QUANT","MT100",M->D1_QUANT);€€€€€€€€€€€€€€ ;;;1;ž€;;S;;S;A;R;;;;;;;;;;;S;;;N;N;N;;
SD2;06;D2_QUANT;N;18;8;Quantidade;Cantidad;Quantity;Quantidade do Produto;Cantidad del producto;Quantity of Product;@E 999,999.99999999;Positivo().and. A100SegUm().And.MaFisRef("IT_QUANT","MT100",M->D2_QUANT);€€€€€€€€€€€€€€ ;;;1;›€;;;;S;;;;;;;;;;;;;S;;;N;N;N;;
SD2;36;D2_QTSEGUM;N;18;8;Qtde 2a UM;Ctd 2a UM;2nd MU Qty;Segunda Unidade de Medida;Segunda Unidad de Medida;Second Measurement Unit;@E 999,999.99999999;Positivo();€€€€€€€€€€€€€€ ;;;1;šÀ;;;;N;A;R;;;;;;;;;;;S;;;N;N;N;;
SFT;89;FT_QUANT;N;16;2;Quantidade;Cantidad;Quantity;Quantidade do item;Cantidad de items;Item Quantity;@E 9,999,999,999.99;;€€€€€€€€€€€€€€ ;;;1;œ€;;;;N;A;R;;;;;;;;;;;S;;;N;N;N;;
SD3;05;D3_QUANT;N;18;8;Quantidade;Cantidad;Amount;Quantidade do Movimento;Cantidad del Movimiento;Transaction Amt;@E 999,999.99999999;A240Quant();€€€€€€€€€€€€€€ ;;;1;šÀ;;S;;S;A;R;;;;;;;;;;;S;;;N;N;N;;
SD3;29;D3_PERDA;N;18;8;Perda;Perdida;Loss;Perda do Movimento;Perdida del Movimiento Fi;Movement Loss;@E 999,999.99999999;Positivo() .And. IIF(M->D3_QUANT = 0,NaoVazio(),DigiPerda(M->D3_COD,M->D3_OP,M->D3_PERDA)) .And. AQtdPerda("A250");€€€€€€€€€€€€€€ ;;;1;šÀ;;;;S;A;R;;;;;;;;;;;S;;;N;N;N;;
SD3;23;D3_QTSEGUM;N;18;8;Qtd. 2a UM;Ctd. 2a UM;Amt 2nd Unt;Qtde na Segunda Unidade;Cant en la Segunda Unidad;Amt in Second Unit;@E 999,999.99999999;AQtdGrade().And.A240PriUm();€€€€€€€€€€€€€€ ;;;1;šÀ;;;;N;A;R;;;;;;;;;;;S;;;N;N;N;;
SD4;06;D4_QSUSP;N;18;8;Qtd.Suspensa;Ctd.Suspensa;Held Qty.;Quantidade suspensa;Cantidad Suspensa;Quantity Interrupted;@E 999,999.99999999;;€€€€€€€€€€€€€€ ;;;1;šÀ;;;;N;A;R;;;;;;;;;;;S;;;N;N;N;;
SD4;08;D4_QTDEORI;N;18;8;Qtd. Empenho;Ctd. Empeno;Alloc.Qty.;Quantidade Empenhada;Cantidad Empenada;Allocation Quantity;@E 999,999.99999999;A380Quant() .AND. A380PRIUM();€€€€€€€€€€€€€€ ;;;1;šÀ;;;;N;A;R;;;;;;;;;;;S;;;N;N;N;;
SD4;09;D4_QUANT;N;18;8;Sal. Empenho;Sal. Empeno;Alloc.Blc.;Saldo da Qtd. Empenhada;Saldo de la Ctd. Empenada;Allocated Balance;@E 999,999.99999999;A380Quant();€€€€€€€€€€€€€€ ;;;1;›€;;;;S;A;R;;;;;;;;;;;S;;;N;N;N;;
SD4;15;D4_QTSEGUM;N;18;8;Sld.Emp 2aUM;Sld.Emp 2aUM;Blc.Al. 2 MU;Sld. qtd. emp. 2a UM;Sld. ctd. emp. 2a UM;Balc.Alloc.2nd MU;@E 999,999.99999999;A380QTSEG();€€€€€€€€€€€€€€ ;;;1;šÀ;;;;N;A;R;;;;;;;;;;;S;;;N;N;N;;
SD4;21;D4_SLDEMP;N;18;8;Sal. Empenho;Sal. Empeno;Alloc. Bal.;Saldo Qtde. Empenhada;Saldo Cant. Empenada;Allocated Qty. Balance;@E 999,999.99999999;;€€€€€€€€€€€€€€€;;;1;žÀ;;;;N;V;R;;;;;;;;;;;S;;;N;N;N;;
SD4;22;D4_SLDEMP2;N;18;8;Sld.Emp 2aUM;Sld.Emp 2aUM;All.Bal.2UM;Saldo Qtde. Emp. 2a UM;Saldo Cant. Emp. 2a UM;Allow. Bal. Amount 2nd UM;@E 999,999.99999999;;€€€€€€€€€€€€€€€;;;1;žÀ;;;;N;V;R;;;;;;;;;;;S;;;N;N;N;;
SD5;13;D5_QUANT;N;18;8;Quantidade;Cantidad;Quantity;Quantidade;Cantidad;Quantity;@E 999,999.99999999;A390QUANT();€€€€€€€€€€€€€€ ;;;1;šÀ;;;;S;A;R;;;;;;;;;;;S;;;N;N;N;;
SD5;17;D5_QTSEGUM;N;18;8;Qtd. 2a UM;Ctd. 2a. UM;2nd.Unit Mea;Quantidade 2a UM;Cantidad 2a.Unidad Medida;Quantity in 2nd Meas.Unit;@E 999,999.99999999;A390QTSEG();€€€€€€€€€€€€€€ ;;;1;šÀ;;;;N;A;R;;;;;;;;;;;S;;;N;N;N;;
SD6;08;D6_QUANT;N;18;8;Quantidade;Cantidad;Quantity;Quantidade Contratada;Cantidad Contratada;Quantity Contracted;@E 999,999.99999999;Positivo();€€€€€€€€€€€€€€ ;;;1;žÀ;;;;S;A;R;;;;;;;;;;;S;;;N;N;N;;
SD7;06;D7_QTDE;N;18;8;Quantidade;Cantidad;Quantity;Quantidade Inicial;Cantidad Inicial;Initial Quantity;@E 999,999.99999999;Positivo() .And. A175Quant();€€€€€€€€€€€€€€ ;;;1;šÀ;;;;N;A;R;;;;;;;;;;;S;;;N;N;N;;
SD7;07;D7_SALDO;N;18;8;Saldo;Saldo;Balance;Saldo;Saldo;Balance;@E 999,999.99999999;;€€€€€€€€€€€€€€ ;;;1;šÀ;;;;N;A;R;;;;;;;;;;;S;;;N;N;N;;
SD7;11;D7_SALDO2;N;18;8;Saldo 2a UM;Saldo 2a. UM;Balance 2UM;Saldo 2a UM;Saldo 2a. UM;Balance 2nd Unit of Meas.;@E 999,999.99999999;;€€€€€€€€€€€€€€ ;;;1;šÀ;;;;N;A;R;;;;;;;;;;;S;;;N;N;N;;
SD7;10;D7_QTSEGUM;N;18;8;Qtd 2a UM;Ctd. 2a. UM;2nd.Unit Mea;Quantidade Inicial 2a UM;Cantidad Inicial 2a. UM;Beginn. Quantity 2 U.M.;@E 999,999.99999999;A175QUANT().And.Positivo();€€€€€€€€€€€€€€ ;;;1;š€;;;;N;A;R;;;;;;;;;;;S;;;N;N;N;;
SD8;07;D8_QUANT;N;18;8;Quantidade;Cantidad;Quantity;Quantidade;Cantidad;Quantity;@E 999,999.99999999;Positivo();¬°€€€‰ð€€€€€€‚€;;;1;šÀ;;;;S;A;R;;;;;;;;;;;S;;;N;N;N;;
SD8;18;D8_QTDDEV;N;18;8;Quant. Dev.;Ctd. Devuel.;Returned Qty;Quantidade Devolvida;Cantidades Devueltas;Quantity Returned;@E 999,999.99999999;Positivo();€€€’€€€€€€€€€€€;;;1;šÀ;;;;S;A;R;;;;;;;;;;;S;;;N;N;N;;
SD8;08;D8_QT2UM;N;18;8;Quant. 2 UM;Ctd. 2a. UM;2nd.Unit Mea;Quantidade 2 UM;Cantidad 2a.Unidad Medida;Quantity 2nd Unit Meas.;@E 999,999.99999999;Positivo();¬°€€€‰ð€€€€€€‚€;;;1;šÀ;;;;S;A;R;;;;;;;;;;;S;;;N;N;N;;
SD8;23;D8_QFIMDEV;N;18;8;Qtd.Devoluca;Ctd.Devoluc.;Return qty.;Qtd.Devolucao Final;Ctd.Devolucion Final;Final return quantity;@E 999,999.99999999;;€€€€€€€€€€€€€€ ;;;1;ŸÀ;;;;N;A;R;;;;;;;;;;;S;;;N;N;N;;
SDA;03;DA_QTDORI;N;18;8;Qtd Original;Ctd.Original;Original Qty;Qtd Original a Distribuir;Ctd.Original por Distribu;Orig. Quant.to Distribute;@E 999,999.99999999;;¬Õ€€€‹ð€€€€€€‚ˆ;;;1;žÀ;;;;N;;;;;;;;;;;;;S;;;N;N;N;;
SDA;04;DA_SALDO;N;18;8;Saldo;Saldo;Balance;Saldo a Distribuir;Saldo a Distribuir;Balance to Distribute;@E 999,999.99999999;;¬Õ€€€‹ð€€€€€€‚ˆ;;;1;žÀ;;;;N;;;;;;;;;;;;;S;;;N;N;N;;
SDB;14;DB_QUANT;N;18;8;Qtd Distribu;Ctd.Distrib.;Distr. Qty.;Qtd Distribuida;Cantidad Distribuida;Quantity Distributed;@E 999,999.99999999;Positivo() .And. A265QSegum();€€€€€€€€€€€€€€ ;;;1;Ÿ€;;;;N;A;R;;;;;;;;;;;S;;;N;N;N;;
SDC;09;DC_QUANT;N;18;8;Quantidade;Cantidad;Quantity;Quantidade da Composicao;Cantidad de Composicion;Quantity of composition;@E 999,999.99999999;;˜˜„€€°€€€€€€€€;;;1;žÀ;;;;S;A;R;;;;;;;;;;;S;;;N;N;N;;
SDC;14;DC_QTDORIG;N;18;8;Qtd Original;Ctd.Original;Original Qty;Quantidade Original;Cantidad Original;Original Quantity;@E 999,999.99999999;;€€€€€€€€€€€€€€ ;;;1;šÀ;;;;N;A;R;;;;;;;;;;;S;;;N;N;N;;
SDD;11;DD_SALDO;N;18;8;Saldo;Saldo;Balance;Saldo do Bloqueio;Saldo del Bloqueo;Blocked Balance;@E 999,999.99999999;Positivo();¬Ô€€€‰ð€€€€€€‚€;;;1;šÀ;;;;N;V;;;;;;;;;;;;S;;;N;N;N;;
SDD;12;DD_QTDORIG;N;18;8;Qtd. Orig.;Ctd.Original;Original Qty;Qtd. Original do Bloqueio;Ctd. Original del Bloqueo;Original Quant.Blockage;@E 999,999.99999999;;¬Ô€€€‰ð€€€€€€‚€;;;1;šÀ;;;;N;V;;;;;;;;;;;;S;;;N;N;N;;
SDD;15;DD_QTSEGUM;N;18;8;Qtd. 2a UM;Ctd. 2a. UM;2nd.Unit Mea;Quantidade 2a UM;Cantidad 2a.Unidad Medida;Quantity in 2nd Meas.Unit;@E 999,999.99999999;Positivo() .And. A275Quant();€€€€€€€€€€€€€€ ;;;1;šÀ;;;;N;;;;;;;;;;;;;S;;;N;N;N;;
SDD;16;DD_SALDO2;N;18;8;Saldo 2a UM;Saldo 2a UM;Balance 2SU;Saldo do Bloqueio 2a UM;Saldo del Bloqueo 2a UM;Blocked Balance 2nd UM;@E 999,999.99999999;Positivo();¬Ô€€€‰ð€€€€€€‚€;;;1;šÀ;;;;N;V;;;;;;;;;;;;S;;;N;N;N;;
SG1;06;G1_QUANT;N;18;8;Quantidade;Cantidad;Quantity;Quantidade;Cantidad;Quantity;@E 999,999.99999999;NaoVazio().And.If(ModType(nModulo)=="I",AVMA200QUANT(M->G1_QUANT,M->G1_COMP),MA200Quant(M->G1_QUANT,M->G1_COMP));€€€€€€€€€€€€€€ ;;;1;›€;;;;S;;;;;;;;;;;;;S;;;N;N;N;;
SG4;04;G4_QUANT;N;18;8;Quantidade;Cantidad;Quantity;Quantidade;Cantidad;Quantity;@E 999,999.99999999;;€€€€€€€€€€€€€€ ;;;1;žÀ;;;;S;;;;;;;;;;;;;S;;;N;N;N;;
SH6;11;H6_QTDPROD;N;18;8;Qtd. Prod.;Ctd. Prod.;Qty.Produced;Quantidade Produzida;Cantidad Producida;Quantity Produced;@E 999,999.99999999;Positivo() .And. A680Quant();€€€€€€€€€€€€€€ ;;;1;šÀ;;;;N;A;R;;;;;;;;;;;S;;;N;N;N;;
SH6;12;H6_QTDPERD;N;18;8;Qtd. Perda;Ctd. Perdida;Qty Loss;Quantidade Perdida;Cantidad Perdida;Quantity Lost;@E 999,999.99999999;Positivo() .And. A680Quant() .And. DigiPerda(M->H6_PRODUTO,M->H6_OP,M->H6_QTDPERD);€€€€€€€€€€€€€€ ;;;1;šÀ;;;;N;A;R;;;;;;;;;;;S;;;N;N;N;;
SH6;26;H6_PERDANT;N;18;8;Perda Anter.;Perd.Anterio;Prior Loss;Perda acumul. anteriormen;Perdida Acumul. Anterior.;Previous Accrued Loss;@E 999,999.99999999;;€€€€€ €€€€€€€ˆ;;;1;˜€;;;;N;V;;;;;;;;;;;;S;;;N;N;N;;
SH8;18;H8_QUANT;N;18;8;Quantidade;Cantidad;Quantity;Quantidade a Produzir;Cantidad a Producir;Quantity to Produce;@E 999,999.99999999;;€€€€€€€€€€€€€€ ;;;1;š€;;;;N;;;;;;;;;;;;;S;;;N;N;N;;
SHC;04;HC_QUANT;N;18;8;Quantidade;Cantidad;Quantity;Quantidade da previsao;Cantidad de la Prevision;Quantity Forecast;@E 999,999.99999999;positivo().and.a750QtdGra().and.ShcVldMax();€€€€€€€€€€€€€€ ;;;1;Ÿ€;;;;S;A;R;;;;;;;;;;;S;;;N;N;N;;
SHD;17;HD_QUANT;N;18;8;Quantidade;Cantidad;Quantity;Quantidade a Produzir;Cantidad a Producir;Quantity to Produce;@E 999,999.99999999;;€€€€€€€€€€€€€€ ;;;1;š€;;;;N;;;;;;;;;;;;;S;;;N;N;N;;
SJ3;17;J3_QUAR01;N;18;8;Qtd.Real JAN;Ctd.Real ENE;Real Qty.JAN;Quant. Real Janeiro;Cantidad Real Enero;Real Quantity January;@E 999,999.99999999;;€€€€€€€€€€€€€€ ;;;1;žÀ;;;;N;;;;;;;;;;;;;S;;;N;N;N;;
SJ3;41;J3_QUAO01;N;18;8;Qtd.Orc. JAN;Ctd.Pres.ENE;Budg.Val.JAN;Quant. Orc. Janeiro;Cantidad Presup.Enero;Budget Quantity January;@E 999,999.99999999;;€€€€€€€€€€€€€€ ;;;1;žÀ;;;;N;;;;;;;;;;;;;S;;;N;N;N;;
SL3;02;L3_QUANT01;N;18;8;Quant.Mes 01;Ctd. Mes 01;Qty.Month 1;Quantidade Vendida Mes 01;Cantidad Vendida Mes 01;Quantity Sold in Month 1;@E 999,999,999.99999999;;€€€€€€€€€€€€€€ ;;;1;”à;;;;S;A;R;;;;;;;;;;;S;;;N;N;N;;
SL2;06;L2_VRUNIT;N;12;3;Preco Unit.;Prc Unitario;Unit Price;Preco Unitario;Precio Unitario;Unit Price;@E 99,999,999.999;lj010Unit();€€€€€€€€€€€€€€ ;;;1;žÀ;;S;;S;;;;;;;;;;;;;S;;;N;N;N;;
SL2;28;L2_PRCTAB;N;12;3;Preco Tabela;Precio Tabla;List Price;Preco de Tabela do Produt;Precio de Lista Producto;Product List Price;@E 99,999,999.999;;€„€€€€€€€€€€€€€;;;1;œÀ;;;;N;V;;;;;;;;;;;;S;;;N;N;N;;
SL3;14;L3_VLRIT01;N;18;8;Vlr. Item 01;Vlr. Item 01;Item Value 1;Valor do Item do Mes 01;Valor del Item del Mes 01;Item Value in Month 01;@E 999,999,999.99999999;;€€€€€€€€€€€€€€ ;;;1;À;;;;S;V;R;;positivo();;;;;;;;;S;;;N;N;N;;
SL3;15;L3_VLRIT02;N;18;8;Vlr. Item 02;Vlr. Item 02;Item Value 2;Valor do Item do Mes 02;Valor del Item del Mes 02;Item Value in Month 02;@E 999,999,999.99999999;;€€€€€€€€€€€€€€ ;;;1;À;;;;S;V;R;;positivo();;;;;;;;;S;;;N;N;N;;
SL3;16;L3_VLRIT03;N;18;8;Vlr. Item 03;Vlr. Item 03;Item Value 3;Valor do Item do Mes 03;Valor del Item del Mes 03;Item Value in Month 03;@E 999,999,999.99999999;;€€€€€€€€€€€€€€ ;;;1;À;;;;S;V;R;;positivo();;;;;;;;;S;;;N;N;N;;
SL3;17;L3_VLRIT04;N;18;8;Vlr. Item 04;Vlr. Item 04;Item Value 4;Valor do Item do Mes 04;Valor del Item del Mes 04;Item Value in Month 04;@E 999,999,999.99999999;;€€€€€€€€€€€€€€ ;;;1;À;;;;S;V;R;;positivo();;;;;;;;;S;;;N;N;N;;
SL3;18;L3_VLRIT05;N;18;8;Vlr. Item 05;Vlr. Item 05;Item Value 5;Valor do Item do Mes 05;Valor del Item del Mes 05;Item Value in Month 05;@E 999,999,999.99999999;;€€€€€€€€€€€€€€ ;;;1;À;;;;S;V;R;;positivo();;;;;;;;;S;;;N;N;N;;
SL3;19;L3_VLRIT06;N;18;8;Vlr. Item 06;Vlr. Item 06;Item Value 6;Valor do Item do Mes 06;Valor del Item del Mes 06;Item Value in Month 06;@E 999,999,999.99999999;;€€€€€€€€€€€€€€ ;;;1;À;;;;S;V;R;;positivo();;;;;;;;;S;;;N;N;N;;
SL3;20;L3_VLRIT07;N;18;8;Vlr. Item 07;Vlr. Item 07;Item Value 7;Valor do Item do Mes 07;Valor del Item del Mes 07;Item Value in Month 07;@E 999,999,999.99999999;;€€€€€€€€€€€€€€ ;;;1;À;;;;S;V;R;;positivo();;;;;;;;;S;;;N;N;N;;
SL3;21;L3_VLRIT08;N;18;8;Vlr. Item 08;Vlr. Item 08;Item Value 8;Valor do Item do Mes 08;Valor del Item del Mes 08;Item Value in Month 08;@E 999,999,999.99999999;;€€€€€€€€€€€€€€ ;;;1;À;;;;S;V;R;;positivo();;;;;;;;;S;;;N;N;N;;
SL3;22;L3_VLRIT09;N;18;8;Vlr. Item 09;Vlr. Item 09;Item Value 9;Valor do Item do Mes 09;Valor del Item del Mes 09;Item Value in Month 09;@E 999,999,999.99999999;;€€€€€€€€€€€€€€ ;;;1;À;;;;S;V;R;;positivo();;;;;;;;;S;;;N;N;N;;
SL3;23;L3_VLRIT10;N;18;8;Vlr. Item 10;Vlr. Item 10;Item Value10;Valor do Item do Mes 10;Valor del Item del Mes 10;Item Value in Month 10;@E 999,999,999.99999999;;€€€€€€€€€€€€€€ ;;;1;À;;;;S;V;R;;positivo();;;;;;;;;S;;;N;N;N;;
SL3;24;L3_VLRIT11;N;18;8;Vlr. Item 11;Vlr. Item 11;Item Value11;Valor do Item do Mes 11;Valor del Item del Mes 11;Item Value in Month 11;@E 999,999,999.99999999;;€€€€€€€€€€€€€€ ;;;1;À;;;;S;V;R;;positivo();;;;;;;;;S;;;N;N;N;;
SL3;25;L3_VLRIT12;N;18;8;Vlr. Item 12;Vlr. Item 12;Item Value12;Valor do Item do Mes 12;Valor del Item del Mes 12;Item Value in Month 12;@E 999,999,999.99999999;;€€€€€€€€€€€€€€ ;;;1;À;;;;S;V;R;;positivo();;;;;;;;;S;;;N;N;N;;
SLR;07;LR_VRUNIT;N;12;3;Preco Unit.;Prec. Unit.;Unit Price;Preco Unitario;Precio Unitario;Unit Price;@E 99,999,999.999;Lj7VlItem( 2 );€€€€€€€€€€€€€€ ;;;1;Ÿ€;;;;;;;;;;;;;;;;;S;;;N;N;N;;
SLR;30;LR_PRCTAB;N;16;4;Preco Tabela;Precio Tabla;List Price;Preco de Tabela do Produt;Precio de Lista Producto;Product List Price;@E 99,999,999,999.9999;;€„€€€€€€€€€€€€€;;;1;€À;;;;N;V;;;;;;;;;;;;S;;;N;N;N;;
SB0;03;B0_PRV1;N;12;3;Preco Venda1;Prc. Venta 1;Sale Price 1;Preco de Venda 1;Precio de Venta 01;Sale Price  1;@E 99,999,999.999;positivo();€€€€€€€€€€€€€€ ;;;1;šÀ;;;;S;;;;;;;;;;;;;S;;;N;N;N;;
SB0;04;B0_PRV2;N;12;3;Preco Venda2;Prc. Venta 2;Sale Price 2;Preco de venda 2;Precio de Venta 02;Sale Price  2;@E 99,999,999.999;positivo();€€€€€€€€€€€€€€ ;;;1;šÀ;;;;S;;;;;;;;;;;;;S;;;N;N;N;;
SB0;05;B0_PRV3;N;12;3;Preco Venda3;Prc. Venta 3;Sale Price 3;Preco de venda 3;Precio de Venta 03;Sale Price  3;@E 99,999,999.999;positivo();€€€€€€€€€€€€€€ ;;;1;šÀ;;;;S;;;;;;;;;;;;;S;;;N;N;N;;
SB0;06;B0_PRV4;N;12;3;Preco Venda4;Prc. Venta 4;Sale Price 4;Preco de venda 4;Precio de Venta 04;Sale Price  4;@E 99,999,999.999;positivo();€€€€€€€€€€€€€€ ;;;1;šÀ;;;;S;;;;;;;;;;;;;S;;;N;N;N;;
SB0;07;B0_PRV5;N;12;3;Preco Venda5;Prc. Venta 5;Sale Price 5;Preco de venda 5;Precio de Venta 05;Sale Price  5;@E 99,999,999.999;positivo();€€€€€€€€€€€€€€ ;;;1;šÀ;;;;S;;;;;;;;;;;;;S;;;N;N;N;;
SB0;08;B0_PRV6;N;12;3;Preco Venda6;Prc. Venta 6;Sale Price 6;Preco de venda 6;Precio de Venta 06;Sale Price  6;@E 99,999,999.999;positivo();€€€€€€€€€€€€€€ ;;;1;šÀ;;;;N;;;;;;;;;;;;;S;;;N;N;N;;
SB0;09;B0_PRV7;N;12;3;Preco Venda7;Prc. Venta 7;Sale Price 7;Preco de venda 7;Precio de Venta 07;Sale Price  7;@E 99,999,999.999;positivo();€€€€€€€€€€€€€€ ;;;1;šÀ;;;;N;;;;;;;;;;;;;S;;;N;N;N;;
SB0;10;B0_PRV8;N;12;3;Preco Venda8;Prc. Venta 8;Sale Price 8;Preco de venda 8;Precio de Venta 08;Sale Price  8;@E 99,999,999.999;positivo();€€€€€€€€€€€€€€ ;;;1;šÀ;;;;N;;;;;;;;;;;;;S;;;N;N;N;;
SB0;11;B0_PRV9;N;12;3;Preco Venda9;Prc. Venta 9;Sale Price 9;Preco de venda 9;Precio de Venta 09;Sale Price  9;@E 99,999,999.999;positivo();€€€€€€€€€€€€€€ ;;;1;šÀ;;;;N;;;;;;;;;;;;;S;;;N;N;N;;
DA1;08;DA1_PRCBAS;N;12;3;Preco Base;Precio Base;Base Price;Preco Base;Precio Base;Base Price;@E 99,999,999.999;Positivo();€€€€€€€€€€€€€€ ;IF(!INCLUI,Posicione("SB1",1,xFilial("SB1")+DA1->DA1_CODPRO,"B1_PRV1"),"");;1;š€;;;;N;V;V;;;;;;;;;;;S;;;N;N;N;;
DA1;10;DA1_PRCVEN;N;12;3;Preco Venda;Precio Venta;Sales Price;Preco de venda;Precio de venta;Sales Price;@E 99,999,999.999;Positivo().And.Oms010Grd();€€€€€€€€€€€€€€ ;;;1;›€;;S;;N;;;;;;;;;;;;;S;;;N;N;N;;
DA1;22;DA1_PRCMAX;N;14;2;Preço Maximo;Precio Maxim;Maximum Pric;Prc Max para o Cliente;Prc Max para el Cliente;Maximum Price for Custome;@E 99,999,999,999.99;;€€€€€€€€€€€€€€ ;;;1;„€;;;;S;;;;;;;;;;;;;S;;;N;N;N;;
AF3;13;AF3_CUSTD;N;18;8;Custo Stand.;Costo Estand;Stand. Cost;Custo Estandar;Costo Estandar;Standard Cost;@E 99,999,999.99999999;Positivo();€€€€€€€€€€€€€€ ;;;1;šÀ;;;;N;A;R;;;;;;;;;;1;S;;;N;N;N;;
AF4;08;AF4_VALOR;N;18;8;Valor;Valor;Amount;Valor da Despesa;Valor del Gasto;Expenses Amount;@E 99,999,999.99999999;Vazio().Or.Positivo();€€€€€€€€€€€€€€ ;;;1;›€;;;;N;A;R;;;;;;;;;;;S;;;N;N;N;;
AF8;37;AF8_VALBDI;N;18;8;Valor Markup;Valor Markup;Markup Value;Valor do Markup;Valor de Markup;Markup Value;@E 99,999,999.99999999;;€€€€€€€€€€€€€€ ;;;1;ŽÀ;;;;N;A;R;;;;;;;M->AF8_BDI == 0;;;6;N;;;N;N;N;;
AFA;13;AFA_CUSTD;N;18;8;Custo Stand.;Costo Estand;Stand. Cost;Custo Estandar;Costo Estandar;Standard Cost;@E 99,999,999.99999999;Positivo();€€€€€€€€€€€€€€ ;;;1;šÀ;;;;N;A;R;;;;;;;;;;;S;;;N;N;N;;
SA5;23;A5_PRECO01;N;18;8;1o. Preco;1o. Precio;1st Price;Preco da 1a. Compra;Precio de la 1a. Compra;Price of 1st Purchase;@E 99,999,999.99999999;;€€€€€€€€€€€€€€ ;;;1;šÀ;;;;N;;;;;;;;;;;;1;S;;;N;N;N;;
SA5;24;A5_PRECO02;N;18;8;2o. Preco;2º Precio;2nd Price;Preco da 2a. Compra;Precio de la 2a. Compra;Price of 2nd Purchase;@E 99,999,999.99999999;;€€€€€€€€€€€€€€ ;;;1;šÀ;;;;N;;;;;;;;;;;;1;S;;;N;N;N;;
SA5;25;A5_PRECO03;N;18;8;3o. Preco;3o. Precio;3rd Price;Preco da 3a. Compra;Precio de la 3a. Compra;Price of 3rd Purchase;@E 99,999,999.99999999;;€€€€€€€€€€€€€€ ;;;1;šÀ;;;;N;;;;;;;;;;;;1;S;;;N;N;N;;
SA5;26;A5_PRECO04;N;18;8;4o. Preco;4o. Precio;4th Price;Preco da 4a. Compra;Precio de la 4a. Compra;Price of 4th Purchase;@E 99,999,999.99999999;;€€€€€€€€€€€€€€ ;;;1;šÀ;;;;N;;;;;;;;;;;;1;S;;;N;N;N;;
SA5;27;A5_PRECO05;N;18;8;5o. Preco;5o. Precio;5th Price;Preco da 5a. Compra;Precio de la 5a. Compra;Price of 5th Purchase;@E 99,999,999.99999999;;€€€€€€€€€€€€€€ ;;;1;šÀ;;;;N;;;;;;;;;;;;1;S;;;N;N;N;;
SA5;28;A5_PRECO06;N;18;8;6o. Preco;6o. Precio;6th Price;Preco da 6a. Compra;Precio de la 6a. Compra;Price of 6th Purchase;@E 99,999,999.99999999;;€€€€€€€€€€€€€€ ;;;1;šÀ;;;;N;;;;;;;;;;;;1;S;;;N;N;N;;
SA5;29;A5_PRECO07;N;18;8;7o. Preco;7o. Precio;7th Price;Preco da 7a. Compra;Precio de la 7a. Compra;Price of 7th Purchase;@E 99,999,999.99999999;;€€€€€€€€€€€€€€ ;;;1;šÀ;;;;N;;;;;;;;;;;;1;S;;;N;N;N;;
SA5;30;A5_PRECO08;N;18;8;8o. Preco;8o. Precio;8th Price;Preco da 8a. Compra;Precio de la 8a. Compra;Price of 8th Purchase;@E 99,999,999.99999999;;€€€€€€€€€€€€€€ ;;;1;šÀ;;;;N;;;;;;;;;;;;1;S;;;N;N;N;;
SA5;31;A5_PRECO09;N;18;8;9o. Preco;9o. Precio;9th Price;Preco da 9a. Compra;Precio de la 9a. Compra;Price of 9th Purchase;@E 99,999,999.99999999;;€€€€€€€€€€€€€€ ;;;1;šÀ;;;;N;;;;;;;;;;;;1;S;;;N;N;N;;
SA5;32;A5_PRECO10;N;18;8;10o. Preco;10o. Precio;10th Price;Preco da 10a. Compra;Precio de la 10a. Compra;Price of 10th Purchase;@E 99,999,999.99999999;;€€€€€€€€€€€€€€ ;;;1;šÀ;;;;N;;;;;;;;;;;;1;S;;;N;N;N;;
SA5;33;A5_PRECO11;N;18;8;11o. Preco;11o. Precio;11th Price;Preco da 11a. Compra;Precio de la 11a. Compra;Price of 11th Purchase;@E 99,999,999.99999999;;€€€€€€€€€€€€€€ ;;;1;šÀ;;;;N;;;;;;;;;;;;1;S;;;N;N;N;;
SA5;34;A5_PRECO12;N;18;8;12o. Preco;12o. Precio;12th Price;Preco da 12a. Compra;Precio de la 12a. Compra;Price of 12th Purchase;@E 99,999,999.99999999;;€€€€€€€€€€€€€€ ;;;1;šÀ;;;;N;;;;;;;;;;;;1;S;;;N;N;N;;
SB1;32;B1_CUSTD;N;18;8;Custo Stand.;Costo Estand;Std.Cost;Custo Standard;Costo Estandar;Standard Cost;@E 999,999,999.99;Positivo();€€€€€€€€€€€€€€ ;;;1;žÀ;;;;N;;;;;;;;;;;;1;S;;;N;N;N;;
SB1;35;B1_UPRC;N;18;8;Ult. Preco;Ult. Precio;Last Price;Ultimo Preco de Compra;Ultimo Precio de Compra;Last Purchase Price;@E 999,999,999.99;Positivo();€€€€€€€€€€€€€€ ;;;1;žÀ;;;;N;;;;;;;;;;;;1;S;;;N;N;N;;
SB1;L7;B1_UVLRC;N;18;8;Ult Vlr Comp;Ult Vlr Comp;LastPrchsAmn;Ultimo valor de compra.;Ultimo Valor de compra.;Last Purchase Amount;@E 999,999,999.99;;€€€€€€€€€€€€€€€;;;1;žÀ;;;;N;V;R;;;;;;;;;;;S;;;N;N;N;;
SBZ;08;BZ_CUSTD;N;18;8;Custo Stand.;Costo Estand;Std.Cost;Custo Standard;Costo Estandar;Standard Cost;@E 99,999,999.99999999;Positivo();¼ÿ„€€€€€€€€€€€€€€€;;;1;šÀ;;;;N;;;;;;;;;;;;1;S;;;N;N;N;;
SBZ;23;BZ_UPRC;N;18;8;Ult. Preco;Ult. Precio;Last Price;Ultimo preco de compra;Ultimo precio de compra;Last purchase price;@E 999,999,999.99;Positivo();€€€€€€€€€€€€€€ ;;;1;ÞÀ;;;;;;;;;;;;;;;;;S;;;N;N;N;;
SB2;07;B2_VFIM1;N;18;8;Vlr.Final;Vlr. Final;Fin.Value;Valor final p/transferir;Valor Final para Transf.;Final Value to Transfer;@E 99,999,999.99999999;;€€€€€€€€€€€€€€€;;;1;š€;;;;N;A;R;;;;;;;;;;;S;;;N;N;N;;
SB2;08;B2_VATU1;N;18;8;Sld.Atu.;Sld. Actual;Current Bal.;Saldo atual em valor;Saldo Actual en Valor;Value Current Balance;@E 99,999,999.99999999;;€€€€€€€€€€€€€€ ;;;1;šÀ;;;;S;;;;;;;;;;;;;S;;;N;N;N;;
SB2;09;B2_CM1;N;18;8;C Unitario;Cost.Unitari;Unit Cost;Custo Unitario do produto;Costo Unitario de Produc.;Product Unit Cost;@E 99,999,999.99999999;IsProdMod(M->B2_COD);€€€€€€€€€€€€€€ ;;;1;šÀ;;;;S;A;R;;;;;;;;;;;S;;;N;N;N;;
SB2;10;B2_VFIM2;N;18;8;Vlr.Fin.2a M;Vlr.Fin.2a M;End Val.Cur2;Val.final 2a moeda p/tran;Valor Final 2a. Mone. Tra;End Value 2 Curr.f/transf;@E 99,999,999.99999999;;€€€€€€€€€€€€€€€;;;1;š€;;;;N;A;R;;;;;;;;;;;S;;;N;N;N;;
SB2;11;B2_VATU2;N;18;8;Sld.Atu.2a M;Sld.Act.2a M;Curr.Bal.C2;Saldo atual na 2a moeda;Saldo Actual 2a. Moneda;Current Bal.in Currency 2;@E 99,999,999.99999999;;€€€€€€€€€€€€€€ ;;;1;šÀ;;;;N;;;;;;;;;;;;;S;;;N;N;N;;
SB2;12;B2_CM2;N;18;8;Cus.Uni.2a M;Cos.Uni.2a M;Unit Cost C2;Custo unit. na 2a moeda;Costo Unit. en 2a. Moneda;Unit Cost in 2nd Currency;@E 99,999,999.99999999;IsProdMod(M->B2_COD);€€€€€€€€€€€€€€ ;;;1;šÀ;;;;N;A;R;;;;;;;;;;;S;;;N;N;N;;
SB2;13;B2_VFIM3;N;18;8;Vlr.Fin.3a M;Vlr.Fin.3a M;End Val.Cur3;Val.final 3a moeda p/tran;Valor Final 3a.Mone. Tran;End Value 3 Curr.f/trans;@E 99,999,999.99999999;;€€€€€€€€€€€€€€€;;;1;š€;;;;N;A;R;;;;;;;;;;;S;;;N;N;N;;
SB2;14;B2_VATU3;N;18;8;Sld.Atu.3a M;Sld.Act.3a M;Curr.Bal.C3;Saldo atual na 3a moeda;Saldo Actual 3a. Moneda;Current Bal.in Currency 3;@E 99,999,999.99999999;;€€€€€€€€€€€€€€ ;;;1;šÀ;;;;N;;;;;;;;;;;;;S;;;N;N;N;;
SB2;15;B2_CM3;N;18;8;Cus.Uni.3a M;Cos.Uni.3a M;Unit Cost C3;Custo unit. na 3a moeda;Costo Unit. en 3a. Moneda;Unit Cost in 3rd Currency;@E 99,999,999.99999999;IsProdMod(M->B2_COD);€€€€€€€€€€€€€€ ;;;1;šÀ;;;;N;A;R;;;;;;;;;;;S;;;N;N;N;;
SB2;16;B2_VFIM4;N;18;8;Vlr.Fin.4a M;Vlr.Fin.4a M;End Val.Cur4;Val.final 4a moeda p/tran;Valor Final 4a. Mone.Tran;End Value 4 Curr.f/transf;@E 99,999,999.99999999;;€€€€€€€€€€€€€€€;;;1;š€;;;;N;A;R;;;;;;;;;;;S;;;N;N;N;;
SB2;17;B2_VATU4;N;18;8;Sld.Atu.4a M;Sld.Act.4a M;Curr.Bal.C4;Saldo atual na 4a moeda;Saldo Actual 4a. Moneda;Current Bal.in Currency 4;@E 99,999,999.99999999;;€€€€€€€€€€€€€€ ;;;1;šÀ;;;;N;;;;;;;;;;;;;S;;;N;N;N;;
SB2;18;B2_CM4;N;18;8;Cus.Uni.4a M;Cos.Uni.4a M;Unit Cost C4;Custo unit. na 4a moeda;Costo Unit. en 4a. Moneda;Unit Cost in Currency 4;@E 99,999,999.99999999;IsProdMod(M->B2_COD);€€€€€€€€€€€€€€ ;;;1;šÀ;;;;N;A;R;;;;;;;;;;;S;;;N;N;N;;
SB2;19;B2_VFIM5;N;18;8;Vlr.Fin.5a M;Vlr.Fin.5a M;End Val.Cur5;Val.final 5a moeda p/tran;Valor Final 5a. Mone.Tran;End Value 5 Curr.f/transf;@E 99,999,999.99999999;;€€€€€€€€€€€€€€€;;;1;š€;;;;N;A;R;;;;;;;;;;;S;;;N;N;N;;
SB2;20;B2_VATU5;N;18;8;Sld.Atu.5a M;Sld.Act.5a M;Curr.Bal.C5;Saldo atual na 5a moeda;Saldo Actual 5a. Moneda;Current Bal.in Currency 5;@E 99,999,999.99999999;;€€€€€€€€€€€€€€ ;;;1;šÀ;;;;N;;;;;;;;;;;;;S;;;N;N;N;;
SB2;21;B2_CM5;N;18;8;Cus.Uni.5a M;Cos.Uni.5a M;Unit Cost C5;Custo unit. na 5a moeda;Costo Unit. en 5a. Moneda;Unit Cost in Currency 5;@E 99,999,999.99999999;IsProdMod(M->B2_COD);€€€€€€€€€€€€€€ ;;;1;šÀ;;;;N;A;R;;;;;;;;;;;S;;;N;N;N;;
SB2;39;B2_CMFF1;N;18;8;C Unit.FIFO1;C Unit.FIFO1;FIFO1 Unit C;Custo Unit. do prod. FIFO;Costo Unit. prod. FIFO;Unit Cost of FIFO prod.;@E 99,999,999.99999999;;€€€€€€€€€€€€€€€;;;1;šÀ;;;;S;;;;IIF(Subs(M->B2_COD,1,3)!="MOD",.F.,.T.);;;;;;;;;S;;;N;N;N;;
SB2;40;B2_CMFF2;N;18;8;C Unit.FIFO2;C Unit.FIFO2;FIFO2 Unit C;Custo Unit. do prod. FIFO;Costo Unit. prod. FIFO;Unit Cost of FIFO prod.;@E 99,999,999.99999999;;€€€€€€€€€€€€€€€;;;1;šÀ;;;;N;;;;IIF(Subs(M->B2_COD,1,3)!="MOD",.F.,.T.);;;;;;;;;S;;;N;N;N;;
SB2;41;B2_CMFF3;N;18;8;C Unit.FIFO3;C Unit.FIFO3;FIFO3 Unit C;Custo Unit. do prod. FIFO;Costo Unit. prod. FIFO;Unit Cost of FIFO prod.;@E 99,999,999.99999999;;€€€€€€€€€€€€€€€;;;1;šÀ;;;;N;;;;IIF(Subs(M->B2_COD,1,3)!="MOD",.F.,.T.);;;;;;;;;S;;;N;N;N;;
SB2;42;B2_CMFF4;N;18;8;C Unit.FIFO4;C Unit.FIFO4;FIFO4 Unit C;Custo Unit. do prod. FIFO;Costo Unit. prod. FIFO;Unit Cost of FIFO prod.;@E 99,999,999.99999999;;€€€€€€€€€€€€€€€;;;1;šÀ;;;;N;;;;IIF(Subs(M->B2_COD,1,3)!="MOD",.F.,.T.);;;;;;;;;S;;;N;N;N;;
SB2;43;B2_CMFF5;N;18;8;C Unit.FIFO5;C Unit.FIFO5;FIFO5 Unit C;Custo Unit. do prod. FIFO;Costo Unit. prod. FIFO;Unit Cost of FIFO prod.;@E 99,999,999.99999999;;€€€€€€€€€€€€€€€;;;1;šÀ;;;;N;;;;IIF(Subs(M->B2_COD,1,3)!="MOD",.F.,.T.);;;;;;;;;S;;;N;N;N;;
SB2;44;B2_VFIMFF1;N;18;8;Vl.Fin.FIFO1;Vl.Fin.FIFO1;FIFO1Fin.Vl;Val.final p/transferir;Val.final p/transferir;Fin.vl f/transference;@E 99,999,999.99999999;;€€€€€€€€€€€€€€€;;;1;š€;;;;N;;;;;;;;;;;;;S;;;N;N;N;;
SB2;45;B2_VFIMFF2;N;18;8;Vl.Fin.FIFO2;Vl.Fin.FIFO2;FIFO2Fin.Vl;Val.final 2a moeda p/tran;Val.fin 2a moneda p/trans;Fin.vl 2nd cur. f/transf;@E 99,999,999.99999999;;€€€€€€€€€€€€€€€;;;1;š€;;;;N;;;;;;;;;;;;;S;;;N;N;N;;
SB2;46;B2_VFIMFF3;N;18;8;Vl.Fin.FIFO3;Vl.Fin.FIFO3;FIFO3Fin.Vl;Val.final 3a moeda p/tran;Val.fin 3a moneda p/tran;Fin.vl 3rd cur. f/transf;@E 99,999,999.99999999;;€€€€€€€€€€€€€€€;;;1;š€;;;;N;;;;;;;;;;;;;S;;;N;N;N;;
SB2;47;B2_VFIMFF4;N;18;8;Vl.Fin.FIFO4;Vl.Fin.FIFO4;FIFO4Fin.Vl;Val.final 4a moeda p/tran;Val.fin 4a moneda p/tran;Fin.vl 4th cur. f/transf;@E 99,999,999.99999999;;€€€€€€€€€€€€€€€;;;1;š€;;;;N;;;;;;;;;;;;;S;;;N;N;N;;
SB2;48;B2_VFIMFF5;N;18;8;Vl.Fin.FIFO5;Vl.Fin.FIFO5;FIFO5Fin.Vl;Val.final 5a moeda p/tran;Val.fin 5a moneda p/tran;Fin.vl 5th cur. f/transf;@E 99,999,999.99999999;;€€€€€€€€€€€€€€€;;;1;š€;;;;N;;;;;;;;;;;;;S;;;N;N;N;;
SB2;70;B2_CMRP1;N;18;8;Rep. Unit.;Rep. Unit.;Unit Rep.;Custo Unitario Reposicao;Costo Unitario Reposicion;Unit Replacement Cost;@E 99,999,999.99999999;IIF(Subs(M->B2_COD,1,3)!='MOD',.F.,.T.);€€€€€€€€€€€€€€ ;;;1;žÀ;;;;N;;;;IIF(Subs(M->B2_COD,1,3)!='MOD',.F.,.T.);;;;;;;;;S;;;N;N;N;;
SB2;71;B2_VFRP1;N;18;8;Rep. Final;Rep. Final;Final Rep;Valor Final de Reposicao;Valor Final de Reposicion;Replenishment Final Cost;@E 99,999,999.99999999;;€€€€€€€€€€€€€€ ;;;1;žÀ;;;;N;;;;;;;;;;;;;S;;;N;N;N;;
SB2;72;B2_CMRP2;N;18;8;Rep.Uni.2a M;Rep.Uni.2a M;U.Rep. 2nd C;Rep. Unit. na 2a. Moeda;Rep. Unit. en 2a. Moneda;Unit Rep. 2nd Currency;@E 99,999,999.99999999;IIF(Subs(M->B2_COD,1,3)!='MOD',.F.,.T.);€€€€€€€€€€€€€€ ;;;1;žÀ;;;;N;;;;IIF(Subs(M->B2_COD,1,3)!='MOD',.F.,.T.);;;;;;;;;S;;;N;N;N;;
SB2;73;B2_VFRP2;N;18;8;Rep.Fin.2a M;Rep.Fin.2a M;Fin.Rep.2ndC;Vlr. Final Reposicao 2a M;Vlr.Final Reposicion 2a M;Replac. Final Vl. 2nd C;@E 99,999,999.99999999;;€€€€€€€€€€€€€€ ;;;1;žÀ;;;;N;;;;;;;;;;;;;S;;;N;N;N;;
SB2;74;B2_CMRP3;N;18;8;Rep.Uni.3a M;Rep.Uni.3a M;U.Rep. 3rd C;Rep. Unit. na 3a. Moeda;Rep. Unit. en 3a. Moneda;Unit Rep. 3rd Currency;@E 99,999,999.99999999;IIF(Subs(M->B2_COD,1,3)!='MOD',.F.,.T.);€€€€€€€€€€€€€€ ;;;1;žÀ;;;;N;;;;IIF(Subs(M->B2_COD,1,3)!='MOD',.F.,.T.);;;;;;;;;S;;;N;N;N;;
SB2;75;B2_VFRP3;N;18;8;Rep.Fin.3a M;Rep.Fin.3a M;Fin.Rep.3rdC;Vlr. Final Reposicao 3a M;Vlr. Final Reposicion 3aM;Replac. Final Vl. 3rd C;@E 99,999,999.99999999;;€€€€€€€€€€€€€€ ;;;1;žÀ;;;;N;;;;;;;;;;;;;S;;;N;N;N;;
SB2;76;B2_CMRP4;N;18;8;Rep.Uni.4a M;Rep.Uni.4a M;U.Rep. 4th C;Rep. Unit. na 4a. Moeda;Rep. Unit. en 4a. Moneda;Unit Rep. 4th Currency;@E 99,999,999.99999999;IIF(Subs(M->B2_COD,1,3)!='MOD',.F.,.T.);€€€€€€€€€€€€€€ ;;;1;žÀ;;;;N;;;;IIF(Subs(M->B2_COD,1,3)!='MOD',.F.,.T.);;;;;;;;;S;;;N;N;N;;
SB2;77;B2_VFRP4;N;18;8;Rep.Fin.4a M;Rep.Fin.4a M;Fin.Rep.4thC;Vlr. Final Reposicao 4a M;Vlr. Final Reposicion 4aM;Replac. Final Vl. 4th C;@E 99,999,999.99999999;;€€€€€€€€€€€€€€ ;;;1;žÀ;;;;N;;;;;;;;;;;;;S;;;N;N;N;;
SB2;78;B2_CMRP5;N;18;8;Rep.Uni.5a M;Rep.Uni.5a M;U.Rep. 5th C;Rep. Unit. na 5a. Moeda;Rep. Unit. en 5a. Moneda;Unit Rep. 5th Currency;@E 99,999,999.99999999;IIF(Subs(M->B2_COD,1,3)!='MOD',.F.,.T.);€€€€€€€€€€€€€€ ;;;1;žÀ;;;;N;;;;IIF(Subs(M->B2_COD,1,3)!='MOD',.F.,.T.);;;;;;;;;S;;;N;N;N;;
SB2;79;B2_VFRP5;N;18;8;Rep.Fin.5a M;Rep.Fin.5a M;Fin.Rep.5thC;Vlr. Final Reposicao 5a M;Vlr. Final Reposicion 5aM;Replac. Final Vl. 5th C;@E 99,999,999.99999999;;€€€€€€€€€€€€€€ ;;;1;žÀ;;;;N;;;;;;;;;;;;;S;;;N;N;N;;
SB4;13;B4_PRV1;N;18;8;Preco Venda;Precio Venta;Sales Price;Preco de Venda;Precio de Venta;Sales Price;@E 99,999,999.99999999;Positivo();€€€€€€€€€€€€€€ ;;;1;šÀ;;;;N;;;;;;;;;;;;;S;;;N;N;N;;
SB4;14;B4_PRV2;N;18;8;Preco Venda2;Prc. Venta 2;Sale Price 2;Preco de venda 2;Precio de Venta 2;Price of Sale 2;@E 99,999,999.99999999;positivo();€€€€€€€€€€€€€€ ;;;1;šÀ;;;;N;;;;;;;;;;;;;S;;;N;N;N;;
SB4;15;B4_PRV3;N;18;8;Preco Venda3;Prc. Venta 3;Sale Price 3;Preco de venda 3;Precio de Venta 3;Price of Sale 3;@E 99,999,999.99999999;positivo();€€€€€€€€€€€€€€ ;;;1;šÀ;;;;N;;;;;;;;;;;;;S;;;N;N;N;;
SB4;16;B4_PRV4;N;18;8;Preco Venda4;Prc. Venta 4;Sale Price 4;Preco de venda 4;Precio de Venta 4;Price of Sale 4;@E 99,999,999.99999999;positivo();€€€€€€€€€€€€€€ ;;;1;šÀ;;;;N;;;;;;;;;;;;;S;;;N;N;N;;
SB4;17;B4_PRV5;N;18;8;Preco Venda5;Prc. Venta 5;Sale Price 5;Preco de venda 5;Precio de Venta 5;Price of Sale 5;@E 99,999,999.99999999;positivo();€€€€€€€€€€€€€€ ;;;1;šÀ;;;;N;;;;;;;;;;;;;S;;;N;N;N;;
SB4;18;B4_PRV6;N;18;8;Preco Venda6;Prc. Venta 6;Sale Price 6;Preco de venda 6;Precio de Venta 6;Price of Sale 6;@E 99,999,999.99999999;positivo();€€€€€€€€€€€€€€ ;;;1;šÀ;;;;N;;;;;;;;;;;;;S;;;N;N;N;;
SB4;19;B4_PRV7;N;18;8;Preco Venda7;Prc. Venta 7;Sale Price 7;Preco de venda 7;Precio de Venta 7;Price of Sale 7;@E 99,999,999.99999999;positivo();€€€€€€€€€€€€€€ ;;;1;šÀ;;;;N;;;;;;;;;;;;;S;;;N;N;N;;
SB5;03;B5_PRV2;N;18;8;Preco Venda2;Prc. Venta 2;Sale Price 2;Preco de venda 2;Precio de Venta 2;Price of Sale 2;@E 99,999,999.99999999;positivo() .and. A010Preco();€€€€€€€€€€€€€€ ;;;1;šÀ;;;;S;;;;;;;;;;;;2;S;;;N;N;N;;
SB5;04;B5_PRV3;N;18;8;Preco Venda3;Prc. Venta 3;Sale Price 3;Preco de venda 3;Precio de Venta 3;Price of Sale 3;@E 99,999,999.99999999;positivo() .and. A010Preco();€€€€€€€€€€€€€€ ;;;1;šÀ;;;;S;;;;;;;;;;;;2;S;;;N;N;N;;
SB5;05;B5_PRV4;N;18;8;Preco Venda4;Prc. Venta 4;Sale Price 4;Preco de venda 4;Precio de Venta 4;Price of Sale 4;@E 99,999,999.99999999;positivo() .and. A010Preco();€€€€€€€€€€€€€€ ;;;1;šÀ;;;;S;;;;;;;;;;;;2;S;;;N;N;N;;
SB5;06;B5_PRV5;N;18;8;Preco Venda5;Prc. Venta 5;Sale Price 5;Preco de venda 5;Precio de Venta 5;Price of Sale 5;@E 99,999,999.99999999;positivo() .and. A010Preco();€€€€€€€€€€€€€€ ;;;1;šÀ;;;;S;;;;;;;;;;;;2;S;;;N;N;N;;
SB5;07;B5_PRV6;N;18;8;Preco Venda6;Prc. Venta 6;Sale Price 6;Preco de venda 6;Precio de Venta 6;Price of Sale 6;@E 99,999,999.99999999;positivo() .and. A010Preco();€€€€€€€€€€€€€€ ;;;1;šÀ;;;;N;;;;;;;;;;;;2;S;;;N;N;N;;
SB5;08;B5_PRV7;N;18;8;Preco Venda7;Prc. Venta 7;Sale Price 7;Preco de venda 7;Precio de Venta 7;Price of Sale 7;@E 99,999,999.99999999;positivo() .and. A010Preco();€€€€€€€€€€€€€€ ;;;1;šÀ;;;;N;;;;;;;;;;;;2;S;;;N;N;N;;
SB6;15;B6_CUSTO1;N;18;8;Custo Prod.;Costo Prod.;Prod.Cost;Custo do Produto;Costo del Producto;Product Cost;@E 99,999,999.99999999;;€€€€€€€€€€€€€€ ;;;1;›€;;;;N;;;;;;;;;;;;;S;;;N;N;N;;
SB6;16;B6_CUSTO2;N;18;8;Custo Prod.2;Costo Prod.2;Prod.Cost 2;Custo do Produto Moeda 2;Costo de Producto Moneda2;Product Cost Currency 2;@E 99,999,999.99999999;;€€€€€€€€€€€€€€ ;;;1;š€;;;;N;;;;;;;;;;;;;S;;;N;N;N;;
SB6;17;B6_CUSTO3;N;18;8;Custo Prod.3;Costo Prod.3;Prod.Cost 3;Custo do Produto Moeda 3;Costo de Producto Moneda3;Product Cost Currency 3;@E 99,999,999.99999999;;€€€€€€€€€€€€€€ ;;;1;š€;;;;N;;;;;;;;;;;;;S;;;N;N;N;;
SB6;18;B6_CUSTO4;N;18;8;Custo Prod.4;Costo Prod.4;Prod.Cost 4;Custo do Produto Moeda 4;Costo de Producto Moneda4;Product Cost Currency 4;@E 99,999,999.99999999;;€€€€€€€€€€€€€€ ;;;1;š€;;;;N;;;;;;;;;;;;;S;;;N;N;N;;
SB6;19;B6_CUSTO5;N;18;8;Custo Prod.5;Costo Prod.5;Prod.Cost 5;Custo do Produto Moeda 5;Costo de Producto Moneda5;Product Cost Currency 5;@E 99,999,999.99999999;;€€€€€€€€€€€€€€ ;;;1;š€;;;;N;;;;;;;;;;;;;S;;;N;N;N;;
SB6;30;B6_CUSFF1;N;18;8;Custo FIFO;Costo FIFO;FIFO Cost;Custo FIFO do Produto;Costo FIFO Producto;Product FIFO Cost;@E 99,999,999.99999999;;€€€€€€€€€€€€€€ ;;;1;›€;;;;S;;;;;;;;;;;;;S;;;N;N;N;;
SB6;31;B6_CUSFF2;N;18;8;Custo FIFO 2;Costo FIFO 2;FIFO Cost 2;Custo FIFO do Produto M.2;Costo FIFO Producto M.2;Product FIFO Cost M.2;@E 99,999,999.99999999;;€€€€€€€€€€€€€€ ;;;1;š€;;;;S;;;;;;;;;;;;;S;;;N;N;N;;
SB6;32;B6_CUSFF3;N;18;8;Custo FIFO 3;Costo FIFO 3;FIFO Cost 3;Custo FIFO do Produto M.3;Costo FIFO Producto M.3;Product FIFO Cost M.3;@E 99,999,999.99999999;;€€€€€€€€€€€€€€ ;;;1;š€;;;;S;;;;;;;;;;;;;S;;;N;N;N;;
SB6;33;B6_CUSFF4;N;18;8;Custo FIFO 4;Costo FIFO 4;FIFO Cost 4;Custo FIFO do Produto M.4;Costo FIFO Producto M.4;Product FIFO Cost M.4;@E 99,999,999.99999999;;€€€€€€€€€€€€€€ ;;;1;š€;;;;S;;;;;;;;;;;;;S;;;N;N;N;;
SB6;34;B6_CUSFF5;N;18;8;Custo FIFO 5;Costo FIFO 5;FIFO Cost 5;Custo FIFO do Produto M.5;Costo FIFO Producto M.5;Product FIFO Cost M.5;@E 99,999,999.99999999;;€€€€€€€€€€€€€€ ;;;1;š€;;;;S;;;;;;;;;;;;;S;;;N;N;N;;
SB6;37;B6_CUSRP1;N;18;8;C Reposicao;C Reposicion;Replac.Cost;Custo de Reposicao;Costo de Reposicion;Replacement Cost;@E 99,999,999.99999999;;€€€€€€€€€€€€€€ ;;;1;žÀ;;;;N;;;;;;;;;;;;;S;;;N;N;N;;
SB6;38;B6_CUSRP2;N;18;8;C Repos.2a M;C Repos.2a M;Rep.Cst.2.C.;Custo de Reposicao 2a M;Costo de Repos. 2a Mon.;Replac.Cost 2nd Currency;@E 99,999,999.99999999;;€€€€€€€€€€€€€€ ;;;1;žÀ;;;;N;;;;;;;;;;;;;S;;;N;N;N;;
SB6;39;B6_CUSRP3;N;18;8;C Repos.3a M;C Repos.3a M;Rep.Cst.3.C.;Custo de Reposicao 3a M;Costo de Repos. 3a Mon.;Replac.Cost 3rd Currency;@E 99,999,999.99999999;;€€€€€€€€€€€€€€ ;;;1;žÀ;;;;N;;;;;;;;;;;;;S;;;N;N;N;;
SB6;40;B6_CUSRP4;N;18;8;C Repos.4a M;C Repos.4a M;Rep.Cst.4.C.;Custo de Reposicao 4a M;Costo de Repos. 4a Mon.;Replac.Cost 4th Currency;@E 99,999,999.99999999;;€€€€€€€€€€€€€€ ;;;1;žÀ;;;;N;;;;;;;;;;;;;S;;;N;N;N;;
SB6;41;B6_CUSRP5;N;18;8;C Repos.5a M;C Repos.5a M;Rep.Cst.5.C.;Custo de Reposicao 5a M;Costo de Repos. 5a Mon.;Replac.Cost 5th Currency;@E 99,999,999.99999999;;€€€€€€€€€€€€€€ ;;;1;žÀ;;;;N;;;;;;;;;;;;;S;;;N;N;N;;
SB6;11;B6_PRUNIT;N;18;8;Preco Unit.;Prc Unitario;Unit Price;Preco Unitario;Precio Unitario;Unit Price;@E 99,999,999.99999999;;€€€€€€€€€€€€€€ ;;;1;›€;;;;N;A;R;;;;;;;;;;;S;;;N;N;N;;
SB8;28;B8_PRCLOT;N;12;2;Preco Lote;Precio Lote;Lot Price;Preco do Lote;Precio del Lote;Lot Price;@E 99,999,999.99;Positivo();€€€€€€€€€€€€€€ ;;;1;„€;;;;;;;;;;;;;;;;;S;;;N;N;N;;
SB9;07;B9_VINI1;N;18;8;Sld.Ini.Mes;Sld.Ini.Mes;Bal. Beg.Mth;Sal.ini.do mes em valor;Sal.Ini. del Mes en Valor;Balance at the Beg. Month;@E 99,999,999.99999999;AQtdGr220() .And. Positivo();€€€€€€€€€€€€€€ ;;;1;š€;;;;S;A;R;;;;;;;;;;;S;;;N;N;N;;
SB9;08;B9_VINI2;N;18;8;Sld.Ini.2a M;Sld. Ini.2aM;Beg. Bal. C2;Saldo Ini.mes na 2a moeda;Saldo Ini.Mes en 2a Moned;Month Beg.Bal in Curr.2;@E 99,999,999.99999999;AQtdGr220() .And. Positivo();€€€€€€€€€€€€€€ ;;;1;šÀ;;;;S;A;R;;;;;;;;;;;S;;;N;N;N;;
SB9;09;B9_VINI3;N;18;8;Sld.Ini.3a M;Sld. Ini.3aM;Beg. Bal. C3;Saldo Ini.mes na 3a moeda;Saldo Ini.Mes en 3a.Moned;Month Beg.Bal. in Curr.3;@E 99,999,999.99999999;AQtdGr220() .And. Positivo();€€€€€€€€€€€€€€ ;;;1;šÀ;;;;S;A;R;;;;;;;;;;;S;;;N;N;N;;
SB9;10;B9_VINI4;N;18;8;Sld.Ini.4a M;Sld. Ini.4aM;Beg. Bal. C4;Saldo Ini.mes na 4a moeda;Saldo Ini.Mes en 4a.Moned;Month Beg.Bal. in Curr.4;@E 99,999,999.99999999;AQtdGr220() .And. Positivo();€€€€€€€€€€€€€€ ;;;1;šÀ;;;;S;A;R;;;;;;;;;;;S;;;N;N;N;;
SB9;11;B9_VINI5;N;18;8;Sld.Ini.5a M;Sld. Ini.5aM;Beg. Bal. C5;Saldo Ini.mes na 5a Moeda;Saldo Ini.Mes en 5a.Moned;Month Beg.Bal. in Curr.5;@E 99,999,999.99999999;AQtdGr220() .And. Positivo();€€€€€€€€€€€€€€ ;;;1;šÀ;;;;S;A;R;;;;;;;;;;;S;;;N;N;N;;
SB9;12;B9_VINIFF1;N;18;8;Sld.Ini.FIF1;Sld.Ini.FIF1;FIF1Int.Bal.;Saldo Ini.mes Custo Fifo1;Saldo Ini.Mes Costo FIFO1;FIFO1 Cost Mnth. Int.Bal.;@E 99,999,999.99999999;;€€€€€€€€€€€€€€€;;;1;šÀ;;;;N;A;R;;;;;;;;;;;N;;;N;N;N;;
SB9;13;B9_VINIFF2;N;18;8;Sld.Ini.FIF2;Sld.Ini.FIF2;Ini.FIF/LIF2;Saldo Ini.mes Custo Fifo2;Saldo Ini.Mes Costo FIFO2;FIFO Cost 2Month Beg.Bal.;@E 99,999,999.99999999;;€€€€€€€€€€€€€€€;;;1;šÀ;;;;N;A;R;;;;;;;;;;;N;;;N;N;N;;
SB9;14;B9_VINIFF3;N;18;8;Sld.Ini.FIF3;Sld.Ini.FIF3;Ini.FIF/LIF3;Saldo Ini.mes Custo Fifo3;Saldo Ini.Mes Costo FIFO3;FIFO Cost 3Month Beg.Bal.;@E 99,999,999.99999999;;€€€€€€€€€€€€€€€;;;1;šÀ;;;;N;A;R;;;;;;;;;;;N;;;N;N;N;;
SB9;15;B9_VINIFF4;N;18;8;Sld.Ini.FIF4;Sld.Ini.FIF4;Ini.FIF/LIF4;Saldo Ini.mes Custo Fifo4;Saldo Ini.Mes Costo FIFO4;FIFO Cost 4Month Beg.Bal.;@E 99,999,999.99999999;;€€€€€€€€€€€€€€€;;;1;šÀ;;;;N;A;R;;;;;;;;;;;N;;;N;N;N;;
SB9;16;B9_VINIFF5;N;18;8;Sld.Ini.FIF5;Sld.Ini.FIF5;FIF5Int.Bal.;Saldo Ini.mes Custo Fifo5;Saldo Ini.Mes Costo FIFO5;FIFO5 Cost Mnth Int. Bal.;@E 99,999,999.99999999;;€€€€€€€€€€€€€€€;;;1;šÀ;;;;N;A;R;;;;;;;;;;;N;;;N;N;N;;
SB9;19;B9_CUSTD;N;18;8;Custo Stand.;Costo Estand;Std. Cost;Custo Standard;Costo Estandar;Standard Cost;@E 99,999,999.99999999;AQtdGr220() .And. Positivo();¼À€€€‰ð€€€€€€€€;;;1;úÀ;;;;S;;;;;;;;;;;;;S;;;N;N;N;;
SB9;21;B9_CM1;N;18;8;C Unit 1a M;C Unit 1a M;1st Un.Cost;Custo unitario do produto;Costo unitario producto;Product unit cost;@E 99,999,999.99999999;AQtdGr220();€€€€€€€€€€€€€€ ;;;1;þ€;;;;N;;;;;;;;;;;;;S;;;N;N;N;;
SB9;22;B9_CM2;N;18;8;C Unit 2a M;C Unit 2a M;2nd Un.Cost;Custo unitario do produto;Costo unitario producto;Product unit cost;@E 99,999,999.99999999;AQtdGr220();€€€€€€€€€€€€€€ ;;;1;þ€;;;;N;;;;;;;;;;;;;S;;;N;N;N;;
SB9;23;B9_CM3;N;18;8;C Unit 3a M;C Unit 3a M;3rd Un.Cost;Custo unitario do produto;Costo unitario producto;Product unit cost;@E 99,999,999.99999999;AQtdGr220();€€€€€€€€€€€€€€ ;;;1;þ€;;;;N;;;;;;;;;;;;;N;;;N;N;N;;
SB9;24;B9_CM4;N;18;8;C Unit 4a M;C Unit 4a M;4th Un.Cost;Custo unitario do produto;Costo unitario producto;Product unit cost;@E 99,999,999.99999999;AQtdGr220();€€€€€€€€€€€€€€ ;;;1;þ€;;;;N;;;;;;;;;;;;;S;;;N;N;N;;
SB9;25;B9_CM5;N;18;8;C Unit 5a M;C Unit 5a M;5th Un.Cost;Custo unitario do produto;Costo unitario producto;Product unit cost;@E 99,999,999.99999999;AQtdGr220();€€€€€€€€€€€€€€ ;;;1;þ€;;;;N;;;;;;;;;;;;;S;;;N;N;N;;
SB9;26;B9_CMRP1;N;18;8;R Unitario;R Unitario;Unit Replac.;Custo Reposicao Unitario;Costo Repos. Unitario;Unit Replacement Cost;@E 99,999,999.99999999;;€€€€€€€€€€€€€€ ;;;1;žÀ;;;;S;;;;;;;;;;;;;S;;;N;N;N;;
SB9;27;B9_VINIRP1;N;18;8;Rep. Inicial;Rep. Inicial;Replac.Init.;Vlr Inicial de Reposicao;Val Inicial de Reposicion;Replacement Initial Value;@E 99,999,999.99999999;;€€€€€€€€€€€€€€ ;;;1;žÀ;;;;N;;;;;;;;;;;;;S;;;N;N;N;;
SB9;28;B9_CMRP2;N;18;8;Rep.Uni.2a M;Rep.Uni.2a M;Un.Rep.2.Cur;Custo Rep. Unit. 2a.Moeda;Costo Rep.Unit.2a.Moneda;Unit Repl.Cost 2nd Curren;@E 99,999,999.99999999;;€€€€€€€€€€€€€€ ;;;1;žÀ;;;;N;;;;;;;;;;;;;S;;;N;N;N;;
SB9;29;B9_VINIRP2;N;18;8;Rep.Ini.2a M;Rep.Ini.2a M;Rep.Ini.2.C.;Vlr Ini. Reposicao 2a M;Val. Ini. Repos. 2a Mon.;Replac.Ini.Val.2nd Curren;@E 99,999,999.99999999;;€€€€€€€€€€€€€€ ;;;1;žÀ;;;;N;;;;;;;;;;;;;S;;;N;N;N;;
SB9;30;B9_CMRP3;N;18;8;Rep.Uni.3a M;Rep.Uni.3a M;Un.Rep.3.Cur;Custo Rep. Unit. 3a.Moeda;Costo Rep.Unit.3a.Moneda;Unit Repl.Cost 3rd Curren;@E 99,999,999.99999999;;€€€€€€€€€€€€€€ ;;;1;žÀ;;;;N;;;;;;;;;;;;;S;;;N;N;N;;
SB9;31;B9_VINIRP3;N;18;8;Rep.Ini.3a M;Rep.Ini.3a M;Rep.Ini.3.C.;Vlr Ini. Reposicao 3a M;Val. Ini. Repos. 3a Mon.;Replac.Ini.Val.3rd Curren;@E 99,999,999.99999999;;€€€€€€€€€€€€€€ ;;;1;žÀ;;;;N;;;;;;;;;;;;;S;;;N;N;N;;
SB9;32;B9_CMRP4;N;18;8;Rep.Uni.4a M;Rep.Uni.4a M;Un.Rep.4.Cur;Custo Rep. Unit. 4a.Moeda;Costo Rep.Unit.4a.Moneda;Unit Repl.Cost 4th Curren;@E 99,999,999.99999999;;€€€€€€€€€€€€€€ ;;;1;žÀ;;;;N;;;;;;;;;;;;;S;;;N;N;N;;
SB9;33;B9_VINIRP4;N;18;8;Rep.Ini.4a M;Rep.Ini.4a M;Rep.Ini.4.C.;Vlr Ini. Reposicao 4a M;Val. Ini. Repos. 4a Mon.;Replac.Ini.Val.4th Curren;@E 99,999,999.99999999;;€€€€€€€€€€€€€€ ;;;1;žÀ;;;;N;;;;;;;;;;;;;S;;;N;N;N;;
SB9;34;B9_CMRP5;N;18;8;Rep.Uni.5a M;Rep.Uni.5a M;Un.Rep.5.Cur;Custo Rep. Unit. 5a.Moeda;Costo Rep.Unit.5a.Moneda;Unit Repl.Cost 5th Curren;@E 99,999,999.99999999;;€€€€€€€€€€€€€€ ;;;1;žÀ;;;;N;;;;;;;;;;;;;S;;;N;N;N;;
SB9;35;B9_VINIRP5;N;18;8;Rep.Ini.5a M;Rep.Ini.5a M;Rep.Ini.5.C.;Vlr Ini. Reposicao 5a M;Val. Ini. Repos. 5a Mon.;Replac.Ini.Val.5th Curren;@E 99,999,999.99999999;;€€€€€€€€€€€€€€ ;;;1;žÀ;;;;N;;;;;;;;;;;;;S;;;N;N;N;;
SBB;04;BB_VALOR;N;18;8;Valor;Valor;Value;Valor do Produto;Valor del Producto;Product Value;@E 99,999,999.99999999;;ýÈ„€€‰ð€„€€€ €€;;;1;™€;;;;S;;;;;;;;;;;;;S;;;N;N;N;;
SBD;11;BD_CUSINI1;N;18;8;Cus.Ini.1a M;Cos.Ini.1Mon;Int. Cst C1;Custo Ini. na 1a Moeda;Costo Inicial 1a. Moneda;Initial Cost Currency 1;@E 99,999,999.99999999;Positivo();¬°€€€‰ð€€€€€€‚€;;;1;š€;;;;S;;;;;;;;;;;;;S;;;N;N;N;;
SBD;12;BD_CUSINI2;N;18;8;Cus.Ini.2a M;Cos.Ini.2Mon;Int. Cst C2;Custo Ini. na 2a Moeda;Costo Inicial 2a. Moneda;Initial Cost Currency 2;@E 99,999,999.99999999;Positivo();¬°€€€‰ð€€€€€€‚€;;;1;š€;;;;S;;;;;;;;;;;;;S;;;N;N;N;;
SBD;13;BD_CUSINI3;N;18;8;Cus.Ini.3a M;Cos.Ini.3Mon;Int. Cst C3;Custo Ini. na 3a Moeda;Costo Inicial 3a. Moneda;Initial Cost Currency 3;@E 99,999,999.99999999;Positivo();¬°€€€‰ð€€€€€€‚€;;;1;š€;;;;S;;;;;;;;;;;;;S;;;N;N;N;;
SBD;14;BD_CUSINI4;N;18;8;Cus.Ini.4a M;Cos.Ini.4Mon;Int. Cst C4;Custo Ini. na 4a Moeda;Costo Inicial 4a. Moneda;Initial Cost Currency 4;@E 99,999,999.99999999;Positivo();¬°€€€‰ð€€€€€€‚€;;;1;š€;;;;S;;;;;;;;;;;;;S;;;N;N;N;;
SBD;15;BD_CUSINI5;N;18;8;Cus.Ini.5a M;Cos.Ini.5Mon;Int. Cst C5;Custo Ini. na 5a Moeda;Costo Inicial 5a. Moneda;Initial Cost Currency 5;@E 99,999,999.99999999;Positivo();¬°€€€‰ð€€€€€€‚€;;;1;š€;;;;S;;;;;;;;;;;;;S;;;N;N;N;;
SBD;18;BD_CUSFIM1;N;18;8;Cus.Fim.1a M;Cos.Fin.1Mon;Fin. Cst C1;Custo Final na 1a Moeda;Costo Final en 1a. Moneda;Final Cost in Currency 1;@E 99,999,999.99999999;;€€€€€€€€€€€€€€€;;;1;š€;;;;N;;;;;;;;;;;;;S;;;N;N;N;;
SBD;19;BD_CUSFIM2;N;18;8;Cus.Fim.2a M;Cos.Fin.2Mon;Fin. Cst C2;Custo Final na 2a Moeda;Costo Final en 2a. Moneda;Final Cost in Currency 2;@E 99,999,999.99999999;;€€€€€€€€€€€€€€€;;;1;š€;;;;N;;;;;;;;;;;;;S;;;N;N;N;;
SBD;20;BD_CUSFIM3;N;18;8;Cus.Fim.3a M;Cos.Fin.3Mon;Fin. Cst C3;Custo Final na 3a Moeda;Costo Final en 3a. Moneda;Final Cost in Currency 3;@E 99,999,999.99999999;;€€€€€€€€€€€€€€€;;;1;š€;;;;N;;;;;;;;;;;;;S;;;N;N;N;;
SBD;21;BD_CUSFIM4;N;18;8;Cus.Fim.4a M;Cos.Fin.4Mon;Fin. Cst C4;Custo Final na 4a Moeda;Costo Final en 4a. Moneda;Final Cost in Currency 4;@E 99,999,999.99999999;;€€€€€€€€€€€€€€€;;;1;š€;;;;N;;;;;;;;;;;;;S;;;N;N;N;;
SBD;22;BD_CUSFIM5;N;18;8;Cus.Fim.5a M;Cos.Fin.5Mon;Final Cst C5;Custo Final na 5a Moeda;Costo Final en 5a. Moneda;Final Cost in currency 5;@E 99,999,999.99999999;;€€€€€€€€€€€€€€€;;;1;š€;;;;N;;;;;;;;;;;;;S;;;N;N;N;;
SBI;23;BI_PRV;N;18;8;Preco Venda;Prc. Venta;Sale Price;Preco de Venda;Precio de Venta;Sale Price;@E 99,999,999.99999999;positivo();€„€ €€€€€€€€€€€;;;1;šÀ;;;;S;;;;;;;;;;;;;S;;;N;N;N;;
SBI;44;BI_PRVINFO;N;14;2;PrInfocards;PrInfocards;Infoc. Price;Preço Infocards;Precio Infocards;Infocards Price;@E 999,999.99;;€€€€€€€€€€€€€€€;;;1;€€;;;;N;;R;;;;;;;;;;;S;;;N;N;N;;
SBZ;23;BZ_UPRC;N;18;8;Ult. Preco;Ult. Precio;Last Price;Ultimo preco de compra;Ultimo precio de compra;Last purchase price;@E 999,999,999.99;Positivo();€€€€€€€€€€€€€€ ;;;1;ÞÀ;;;;;;;;;;;;;;;;;S;;;N;N;N;;
SC1;59;C1_PRECO;N;18;8;Prc Unitario;Prc Unitario;Unit Price;Preco unitario do item;Precio unitario del item;Item Unit Price;@E 99,999,999.99999999;A113Preco(M->C1_PRECO);€€€€€€€€€€€€€€ ;;;1;›€;;S;;N;;;;;;;;;;;;;S;;;N;N;N;;
SC2;19;C2_VATU1;N;18;8;Vlr.Atual $;Vlr Actual $;Curr.Value $;Valor atual da OP em $;Valor Actual de OP en $;Production Order Value $;@E 99,999,999.99999999;;€€€€€€€€€€€€€€€;;;1;šÀ;;;;N;;;;;;;;;;;;;S;;;N;N;N;;
SC2;20;C2_VINI1;N;18;8;Vlr.Inicial;Vlr. Inicial;Init. Value;Valor inicial;Valor Inicial;Initial Value;@E 99,999,999.99999999;;€€€€€€€€€€€€€€€;;;1;šÀ;;;;N;;;;;;;;;;;;;S;;;N;N;N;;
SC2;21;C2_VFIM1;N;18;8;Vlr.Final;Vlr. Final;Final Value;Valor final para transf.;Valor Final para Transf.;Final Value for Transfer;@E 99,999,999.99999999;;€€€€€€€€€€€€€€€;;;1;šÀ;;;;N;;;;;;;;;;;;;S;;;N;N;N;;
SC2;22;C2_VATU2;N;18;8;Vlr.Atu.2a M;Vlr.Act.2a.M;Curr.Value 2;Valor atual na 2a moeda;Valor Actual en 2a.Moneda;Current Value in 2nd Curr;@E 99,999,999.99999999;;€€€€€€€€€€€€€€€;;;1;šÀ;;;;N;;;;;;;;;;;;;S;;;N;N;N;;
SC2;23;C2_VINI2;N;18;8;Vlr.Ini.2a M;Vlr.Ini.2a.M;Init.Value 2;Valor inicial na 2a moeda;Valor Inicial en 2a.Moned;Initial Value in 2nd Curr;@E 99,999,999.99999999;;€€€€€€€€€€€€€€€;;;1;šÀ;;;;N;;;;;;;;;;;;;S;;;N;N;N;;
SC2;24;C2_VFIM2;N;18;8;Vlr.Fim 2a M;Vlr.Fin.2a.M;Fin. Value 2;Vlr.fim 2a moeda p/transf;Vlr.Final 2a M pa.Transf.;Fin.Val.2nd Curr.f/Transf;@E 99,999,999.99999999;;€€€€€€€€€€€€€€€;;;1;šÀ;;;;N;;;;;;;;;;;;;S;;;N;N;N;;
SC2;25;C2_VATU3;N;18;8;Vlr.Atu.3a M;Vlr.Act.3a.M;Curr.Value 3;Valor atual na 3a moeda;Valor Actual en 3a.Moneda;Current Value in 3rd Curr;@E 99,999,999.99999999;;€€€€€€€€€€€€€€€;;;1;šÀ;;;;N;;;;;;;;;;;;;S;;;N;N;N;;
SC2;26;C2_VINI3;N;18;8;Vlr.Ini.3a M;Vlr.Ini.3a M;Init.Value 3;Valor inicial na 3a moeda;Valor Inicial en 3a.Moned;Initial Value in 3rd Curr;@E 99,999,999.99999999;;€€€€€€€€€€€€€€€;;;1;šÀ;;;;N;;;;;;;;;;;;;S;;;N;N;N;;
SC2;27;C2_VFIM3;N;18;8;Vlr.Fim 3a M;Vlr.Fin.3a.M;Fin. Value 3;Vlr.fim 3a moeda p/transf;Vlr.Final 3a.M pa.Transf.;Fin.Val.3rd Curr.f/transf;@E 99,999,999.99999999;;€€€€€€€€€€€€€€€;;;1;šÀ;;;;N;;;;;;;;;;;;;S;;;N;N;N;;
SC2;28;C2_VATU4;N;18;8;Vlr.Atu.4a M;Vlr.Act.4a.M;Curr.Value 4;Valor atual na 4a moeda;Valor Actual en 4a.Moneda;Current Value in 4th Curr;@E 99,999,999.99999999;;€€€€€€€€€€€€€€€;;;1;šÀ;;;;N;;;;;;;;;;;;;S;;;N;N;N;;
SC2;29;C2_VINI4;N;18;8;Vlr.Ini.4a M;Vlr.Ini.4a.M;Init.Value 4;Valor inicial na 4a moeda;Valor Inicial en 4a.Moned;Initial Value in 4th Curr;@E 99,999,999.99999999;;€€€€€€€€€€€€€€€;;;1;šÀ;;;;N;;;;;;;;;;;;;S;;;N;N;N;;
SC2;30;C2_VFIM4;N;18;8;Vlr.Fim 4a M;Vlr.Fin.4a.M;Fin. Value 4;Vlr.fim 4a moeda p/transf;Vlr.Final 4a.M pa.Transf;Fin.Val.4th Curr f/transf;@E 99,999,999.99999999;;€€€€€€€€€€€€€€€;;;1;šÀ;;;;N;;;;;;;;;;;;;S;;;N;N;N;;
SC2;31;C2_VATU5;N;18;8;Vlr.Atu.5a M;Vlr.Act.5a.M;Cur.Vl.5thCr;Valor atual na 5a moeda;Valor Actual en 5a.Moneda;Current Val. 5th Currency;@E 99,999,999.99999999;;€€€€€€€€€€€€€€€;;;1;šÀ;;;;N;;;;;;;;;;;;;S;;;N;N;N;;
SC2;32;C2_VINI5;N;18;8;Vlr.Ini.5a M;Vlr.Ini.5a.M;In.Val.5thCr;Valor inicial na 5a moeda;Valor Inicial en 5a.Moned;Initial Val. 5th Currency;@E 99,999,999.99999999;;€€€€€€€€€€€€€€€;;;1;šÀ;;;;N;;;;;;;;;;;;;S;;;N;N;N;;
SC2;33;C2_VFIM5;N;18;8;Vlr.Fim 5a M;Vlr.Fin.5a.M;Fin. Value 5;Vlr.fim 5a moeda p/transf;Vlr.Final 5a.M pa.Transf.;Fin.Val.5th Curr.f/Transf;@E 99,999,999.99999999;;€€€€€€€€€€€€€€€;;;1;šÀ;;;;N;;;;;;;;;;;;;S;;;N;N;N;;
SC2;34;C2_APRATU1;N;18;8;Vlr.Apropri.;Vlr.Apropia.;Approp.Value;Valor apropriado ao estoq;Valor Apropiado al Stock;Inventory Appropriated Vl;@E 99,999,999.99999999;;€€€€€€€€€€€€€€€;;;1;šÀ;;;;N;;;;;;;;;;;;;S;;;N;N;N;;
SC2;35;C2_APRINI1;N;18;8;Vlr.Inic.Apr;Vlr.Inic.Apr;App.In.Value;Valor inicial apropriado;Valor Inicial Apropiado;Appropriated Init. Value;@E 99,999,999.99999999;;€€€€€€€€€€€€€€€;;;1;šÀ;;;;N;;;;;;;;;;;;;S;;;N;N;N;;
SC2;36;C2_APRFIM1;N;18;8;Vlr.Fim Apr.;Vlr.Fin.Apr.;App.Fin.Val.;Valor final apropriado;Valor Final Apropiado;Appropriated Final Value;@E 99,999,999.99999999;;€€€€€€€€€€€€€€€;;;1;šÀ;;;;N;;;;;;;;;;;;;S;;;N;N;N;;
SC2;37;C2_APRATU2;N;18;8;Vlr.Apr.2a M;Vlr.Atr.2a M;Appr.Value 2;Valor apr.ao est.2a moeda;Vlr Atrib. al Stock 2a. M;Appropriated Value Curr.2;@E 99,999,999.99999999;;€€€€€€€€€€€€€€€;;;1;šÀ;;;;N;;;;;;;;;;;;;S;;;N;N;N;;
SC2;38;C2_APRINI2;N;18;8;Vlr.I.Apr.2a;Vlr.I.Atr.2M;Ap.In.Vl.2nd;Valor inic.apr.ao est.2a;Vlr.Inic.Atrib.Stock 2a M;Begin. Approp.Val.Curr2;@E 99,999,999.99999999;;€€€€€€€€€€€€€€€;;;1;šÀ;;;;N;;;;;;;;;;;;;S;;;N;N;N;;
SC2;39;C2_APRFIM2;N;18;8;Vlr.F.Apr.2a;Vlr.F.Atr.2M;End Appr.Vl2;Valor final apr.ao est.2a;Vlr Fin. Atrib.Stock 2a M;End Approp.Value Curr2;@E 99,999,999.99999999;;€€€€€€€€€€€€€€€;;;1;šÀ;;;;N;;;;;;;;;;;;;S;;;N;N;N;;
SC2;40;C2_APRATU3;N;18;8;Vlr.Apr.3a M;Vlr.Atr.3aMn;Appr.Value 3;Valor apr.ao est.3a moeda;Vlr Aprop. al Stock 3a. M;Appropriated Value Curr.3;@E 99,999,999.99999999;;€€€€€€€€€€€€€€€;;;1;šÀ;;;;N;;;;;;;;;;;;;S;;;N;N;N;;
SC2;41;C2_APRINI3;N;18;8;Vlr.I.Apr.3a;Vlr.I.Atr.3M;Beg Appr.Vl3;Valor inic.apr.ao est.3a;Vlr.Inic.Atrib.Stock 3a.M;Begin. Approp.Val. Curr3;@E 99,999,999.99999999;;€€€€€€€€€€€€€€€;;;1;šÀ;;;;N;;;;;;;;;;;;;S;;;N;N;N;;
SC2;42;C2_APRFIM3;N;18;8;Vlr.F.Apr.3a;Vlr.F.Atr.3M;End Appr.Vl3;Valor final apr.ao est.3a;Vlr Fin. Atrib.Stock 3a.M;End Approp.Val.Curr 3;@E 99,999,999.99999999;;€€€€€€€€€€€€€€€;;;1;šÀ;;;;N;;;;;;;;;;;;;S;;;N;N;N;;
SC2;43;C2_APRATU4;N;18;8;Vlr.Apr.4a M;Vlr.Atr.4a.M;Appr.Value 4;Valor apr.ao est.4a moeda;Vlr Atirb. al Stock 4a. M;Appropriated Value Curr.4;@E 99,999,999.99999999;;€€€€€€€€€€€€€€€;;;1;šÀ;;;;N;;;;;;;;;;;;;S;;;N;N;N;;
SC2;44;C2_APRINI4;N;18;8;Vlr.I.Apr.4a;Vlr.I.Atr.4M;Beg Appr.Vl4;Valor inic.apr.ao est.4a;Vlr Inic.Atrib.Stock 4a M;Begin. Approp.Val.Curr.4;@E 99,999,999.99999999;;€€€€€€€€€€€€€€€;;;1;šÀ;;;;N;;;;;;;;;;;;;S;;;N;N;N;;
SC2;45;C2_APRFIM4;N;18;8;Vlr.F.Apr.4a;Vlr.F.Atr.4M;End Appr.Vl4;Valor final apr.ao est.4a;Vlr Fin. Atrib.Stock 4a M;End Approp.Val.Curr 4;@E 99,999,999.99999999;;€€€€€€€€€€€€€€€;;;1;šÀ;;;;N;;;;;;;;;;;;;S;;;N;N;N;;
SC2;46;C2_APRATU5;N;18;8;Vlr.Apr.5a M;Vlr.Atr.5a.M;Appr.Value 5;Valor apr.ao est.5a moeda;Vlr Atrib. al Stock 5a. M;Appropriated Value Curr.5;@E 99,999,999.99999999;;€€€€€€€€€€€€€€€;;;1;šÀ;;;;N;;;;;;;;;;;;;S;;;N;N;N;;
SC2;47;C2_APRINI5;N;18;8;Vlr.I.Apr.5a;Vlr.I.Atr.5M;Beg Appr.Vl5;Valor inic.apr.ao est.5a;Vlr Inic.Atrib.Stock 5a M;Beg.Appropriate Vl Cur5;@E 99,999,999.99999999;;€€€€€€€€€€€€€€€;;;1;šÀ;;;;N;;;;;;;;;;;;;S;;;N;N;N;;
SC2;48;C2_APRFIM5;N;18;8;Vlr.F.Apr.5a;Vlr.F.Atr.5M;End Appr.Vl5;Valor final apr.ao est.5a;Vlr Fin. Atrib.Stock 5a M;End Approp. Value Cur5;@E 99,999,999.99999999;;€€€€€€€€€€€€€€€;;;1;šÀ;;;;N;;;;;;;;;;;;;S;;;N;N;N;;
SC3;08;C3_PRECO;N;18;8;Prc Unitario;Prc Unitario;Unit Price;Preco unitario do item;Precio unitario del item;Unit Price of Item;@E 99,999,999.99999999;positivo().and.A125Preco(M->C3_PRECO).and.MaFisRef("IT_PRCUNI","MT120",M->C3_PRECO);€€€€€€€€€€€€€€€;;;1;›€;;S;;N;;;;;;;;;;;;;S;;;N;N;N;;
SC3;39;C3_AVISTA;N;14;2;Prc a Vista;Prec.Contado;Spot Price;Preco unitario a vista;Prec. Unitario al Contado;Spot unit Price;@E 999,999,999.99;positivo();€€€€€€€€€€€€€€€;;;1;‚€;;;;N;;;;;;;;;;;;;S;;;N;N;N;;
SC6;07;C6_PRCVEN;N;18;8;Prc Unitario;Prc Unitario;Unitary Pric;Preco Unitario Liquido;Precio unitario neto;Net Unitary Price;@E 99,999,999.99999999;A410QtdGra() .And. A410MultT() .And. A410Zera() .And. MTA410TROP(n);€€€€€€€€€€€€€€ ;;;1;šÀ;;;;S;;;;positivo();;;;;;;;;S;;;N;N;N;;
SC6;36;C6_PRUNIT;N;18;8;Prc Lista;Precio Lista;Price List;Preco Unitario de Tabela;Precio Unitario de Tabla;Unit List Price;@E 99,999,999.99999999;A410MultT();€€€€€€€€€€€€€€ ;;;1;›€;;;;N;;;;;;;;;;;;;S;;;N;N;N;;
SC7;10;C7_PRECO;N;18;8;Prc Unitario;Prc.Unitario;Unit Price;Preco unitario do item;Precio Unitario del Item;Unit Price of Item;@E 99,999,999.99999999;Positivo().and.A120Preco(M->C7_PRECO) .And. MaFisRef("IT_PRCUNI","MT120",M->C7_PRECO) .AND. MTA121TROP(n);€€€€€€€€€€€€€€ ;;;1;›€;;S;;N;A;R;;;;;;;;;;;S;;;N;N;N;;
SC8;08;C8_PRECO;N;16;8;Preco Unitar;Prc Unitario;Unit Price;Preco unitario do item;Precio Unitario del Item;Unit Price of Item;@E 9,999,999.99999999;positivo() .And. A150Preco();€€€€€€€€€€€€€€ ;;;1;œ€;;S;;S;A;R;;;;;;;;;;;S;;;N;N;N;;
SC8;34;C8_AVISTA;N;14;2;Prc a Vista;Prec.Contado;Spot Price;Preco unitario a vista;Prec. Unitario al Contado;Spot unit Price;@E 999,999,999.99;positivo();€€€€€€€€€€€€€€€;;;1;‚€;;;;N;;;;;;;;;;;;;S;;;N;N;N;;
SC9;14;C9_PRCVEN;N;18;8;Prc Venda;Precio Venta;Sales Price;Preco de Venda Liberado;Precio de Venta Aprobado;Sales Price Approved;@E 99,999,999.99999999;;€€€€€€€€€€€€€€ ;;;1;šÀ;;;;S;A;R;;;;;;;;;;;S;;;N;N;N;;
SCK;06;CK_PRCVEN;N;18;8;Prc Unitario;Prc.Unitario;Unit Price;Preco Unitario Liquido;Precio Unitario Neto;Net Unit Price;@E 99,999,999.99999999;a415PrcVen();€€€€€€€€€€€€€€ ;;;1;›€;;;;S;A;R;;;;;;;;;;;S;;;N;N;N;;
SCK;18;CK_PRUNIT;N;18;8;Prc Lista;Precio Lista;Price List;Preco Unitario de Tabela;Precio Unitario de Tabla;Unit List Price;@E 99,999,999.99999999;;€€€€€€€€€€€€€€ ;;;1;šÀ;;;;N;A;R;;;;;;;;;;;S;;;N;N;N;;
SCI;11;CI_PRECO;N;14;4;Prc Sugerido;Prc Sugerido;Sugg price;Preço Sugerido;Precio sugerido;Suggested price;@E 999,999,999.9999;;€€€€€€€€€€€€€€ ;;;1;„€;;;;N;V;V;;;;;;;;;;;N;;;S;N;N;;
SCY;09;CY_PRECO;N;18;8;Prc Unitario;Prc.Unitario;Unit Price;Preco unitario do item;Precio Unitario del Item;Unit Price of Item;@E 99,999,999.99999999;Positivo().and.A120Preco(M->CY_PRECO).And.MaFisRef("IT_PRCUNI","MT120",M->CY_PRECO);€€€€€€€€€€€€€€ ;;;1;›€;;S;;N;;;;;;;;;;;;;S;;;N;N;N;;
SD1;08;D1_VUNIT;N;18;8;Vlr.Unitario;Valor Unit.;Unit Value;Valor Unitario;Valor Unitario;Unit Value;@E 99,999,999.99999999;A103TOLER().And.NaoVazio().AND.Positivo().And.MaFisRef("IT_PRCUNI","MT100",M->D1_VUNIT);€€€€€€€€€€€€€€ ;;;1;›€;;S;;S;A;R;;;;;;;;;;;S;;;N;N;N;;
SD1;90;D1_CUSTO;N;18;8;Custo Moeda1;Costo Mon. 1;Cost Curr.1;Custo de Entrada Moeda 1;Costo de Entrada Moneda 1;Inflow Cost Currency 1;@E 99,999,999.99999999;;€€€€€€€€€€€€€€€;;;1;šÀ;;;;N;;;;;;;;;;;;;S;;;N;N;N;;
SD1;36;D1_CUSTO2;N;18;8;Custo Moeda2;Costo Mon. 2;Cost Curr.2;Custo de Entrada Moeda 2;Costo de Entrada Moneda 2;Inflow Cost Currency 2;@E 99,999,999.99999999;;€€€€€€€€€€€€€€€;;;1;šÀ;;;;N;;;;;;;;;;;;;S;;;N;N;N;;
SD1;35;D1_CUSTO3;N;18;8;Custo Moeda3;Costo Mon. 3;Cost Curr.3;Custo de Entrada Moeda 3;Costo de Entrada Moneda 3;Inflow Cost Currency 3;@E 99,999,999.99999999;;€€€€€€€€€€€€€€€;;;1;šÀ;;;;N;;;;;;;;;;;;;S;;;N;N;N;;
SD1;37;D1_CUSTO4;N;18;8;Custo Moeda4;Costo Mon. 4;Cost Curr.4;Custo de Entrada Moeda 4;Costo de Entrada Moneda 4;Inflow Cost Currency 4;@E 99,999,999.99999999;;€€€€€€€€€€€€€€€;;;1;šÀ;;;;N;;;;;;;;;;;;;S;;;N;N;N;;
SD1;38;D1_CUSTO5;N;18;8;Custo Moeda5;Costo Mon. 5;Cost Curr.5;Custo de Entrada Moeda 5;Costo de Entrada Moneda 5;Inflow Cost Currency 5;@E 99,999,999.99999999;;€€€€€€€€€€€€€€€;;;1;šÀ;;;;N;;;;;;;;;;;;;S;;;N;N;N;;
SD1;78;D1_CUSFF1;N;18;8;Custo FIFO 1;Costo FIFO 1;FIFO Cost 1;Custo FIFO Moeda 1;Costo FIFO Moneda 1;FIFO Cost Currency 1;@E 99,999,999.99999999;;€€€€€€€€€€€€€€€;;;1;šÀ;;;;N;;;;;;;;;;;;;S;;;N;N;N;;
SD1;79;D1_CUSFF2;N;18;8;Custo FIFO 2;Costo FIFO 2;FIFO Cost 2;Custo FIFO Moeda 2;Costo FIFO Moneda 2;FIFO Cost Currency 2;@E 99,999,999.99999999;;€€€€€€€€€€€€€€€;;;1;šÀ;;;;N;;;;;;;;;;;;;S;;;N;N;N;;
SD1;80;D1_CUSFF3;N;18;8;Custo FIFO 3;Costo FIFO 3;FIFO Cost 3;Custo FIFO Moeda 3;Costo FIFO Moneda 3;FIFO Cost Currency 3;@E 99,999,999.99999999;;€€€€€€€€€€€€€€€;;;1;šÀ;;;;N;;;;;;;;;;;;;S;;;N;N;N;;
SD1;81;D1_CUSFF4;N;18;8;Custo FIFO 4;Costo FIFO 4;FIFO Cost 4;Custo FIFO Moeda 4;Costo FIFO Moneda 4;FIFO Cost Currency 4;@E 99,999,999.99999999;;€€€€€€€€€€€€€€€;;;1;šÀ;;;;N;;;;;;;;;;;;;S;;;N;N;N;;
SD1;83;D1_CUSFF5;N;18;8;Custo FIFO 5;Costo FIFO 5;FIFO Cost 5;Custo FIFO Moeda 5;Costo FIFO Moneda 5;FIFO Cost Currency 5;@E 99,999,999.99999999;;€€€€€€€€€€€€€€€;;;1;šÀ;;;;N;;;;;;;;;;;;;S;;;N;N;N;;
SD2;07;D2_PRCVEN;N;18;8;Vlr.Unitario;Valor Unit.;Unit Value;Valor Unitario;Valor Unitario;Unit Value;@E 99,999,999.99999999;Positivo().And.NaoVazio().And.MaFisRef("IT_PRCUNI","MT100",M->D2_PRCVEN);€€€€€€€€€€€€€€ ;;;1;›€;;;;S;A;R;;;;;;;;;;;S;;;N;N;N;;
SD2;35;D2_PRUNIT;N;18;8;Prc Tabela;Precio Tabla;Price List;Preco de Tabela;Precio de Tabla;Table Price;@E 99,999,999.99999999;Positivo();€€€€€€€€€€€€€€ ;;;1;šÀ;;;;N;A;R;;;;;;;;;;;S;;;N;N;N;;
SD2;30;D2_CUSTO1;N;18;8;Custo;Costo;Cost;Custo;Costo;Cost;@E 99,999,999.99999999;;€€€€€€€€€€€€€€€;;;1;šÀ;;;;N;;;;;;;;;;;;;S;;;N;N;N;;
SD2;31;D2_CUSTO2;N;18;8;Custo Moeda2;Costo Mon. 2;Cost Curr.2;Custo da Moeda 2;Costo de Moneda 2;Cost of Currency 2;@E 99,999,999.99999999;;€€€€€€€€€€€€€€€;;;1;šÀ;;;;N;;;;;;;;;;;;;S;;;N;N;N;;
SD2;32;D2_CUSTO3;N;18;8;Custo Moeda3;Costo Mon. 3;Cost Curr.3;Custo da Moeda 3;Costo de Moneda 3;Cost of Currency 3;@E 99,999,999.99999999;;€€€€€€€€€€€€€€€;;;1;šÀ;;;;N;;;;;;;;;;;;;S;;;N;N;N;;
SD2;33;D2_CUSTO4;N;18;8;Custo Moeda4;Costo Mon. 4;Cost Curr.4;Custo da Moeda 4;Costo de Moneda 4;Cost of Currency 4;@E 99,999,999.99999999;;€€€€€€€€€€€€€€€;;;1;šÀ;;;;N;;;;;;;;;;;;;S;;;N;N;N;;
SD2;34;D2_CUSTO5;N;18;8;Custo Moeda5;Costo Mon. 5;Cost Curr.5;Custo da Moeda 5;Costo de Moneda 5;Cost of Currency 5;@E 99,999,999.99999999;;€€€€€€€€€€€€€€€;;;1;šÀ;;;;N;;;;;;;;;;;;;S;;;N;N;N;;
SD2;67;D2_CUSFF1;N;18;8;Custo FIFO 1;Costo FIFO 1;FIFO Cost 1;Custo FIFO Moeda 1;Costo FIFO Moneda 1;FIFO Cost Currency 1;@E 99,999,999.99999999;;€€€€€€€€€€€€€€€;;;1;šÀ;;;;N;;;;;;;;;;;;;S;;;N;N;N;;
SD2;68;D2_CUSFF2;N;18;8;Custo FIFO 2;Costo FIFO 2;FIFO Cost 2;Custo FIFO Moeda 2;Costo FIFO Moneda 2;FIFO Cost Currency 2;@E 99,999,999.99999999;;€€€€€€€€€€€€€€€;;;1;šÀ;;;;N;;;;;;;;;;;;;S;;;N;N;N;;
SD2;69;D2_CUSFF3;N;18;8;Custo FIFO 3;Costo FIFO 3;FIFO Cost 3;Custo FIFO Moeda 3;Costo FIFO Moneda 3;FIFO Cost Currency 3;@E 99,999,999.99999999;;€€€€€€€€€€€€€€€;;;1;šÀ;;;;N;;;;;;;;;;;;;S;;;N;N;N;;
SD2;70;D2_CUSFF4;N;18;8;Custo FIFO 4;Costo FIFO 4;FIFO Cost 4;Custo FIFO Moeda 4;Costo FIFO Moneda 4;FIFO Cost Currency 4;@E 99,999,999.99999999;;€€€€€€€€€€€€€€€;;;1;šÀ;;;;N;;;;;;;;;;;;;S;;;N;N;N;;
SD2;71;D2_CUSFF5;N;18;8;Custo FIFO 5;Costo FIFO 5;FIFO Cost 5;Custo FIFO Moeda 5;Costo FIFO Moneda 5;FIFO Cost Currency 5;@E 99,999,999.99999999;;€€€€€€€€€€€€€€€;;;1;šÀ;;;;N;;;;;;;;;;;;;S;;;N;N;N;;
SD6;09;D6_VRUNIT;N;18;8;Valor Unit.;Valor Unit.;Unit Value;Valor Unitario;Valor Unitario;Unit Value;@E 99,999,999.99999999;;€€€€€€€€€€€€€€ ;;;1;šÀ;;;;N;;;;;;;;;;;;;S;;;N;N;N;;
SUB;08;UB_VRUNIT;N;18;8;Preco Unit.;Prc Unitario;Unit Price;Preco Unitario;Precio Unitario;Unit Price;@E 99,999,999.99999999;Positivo() .AND. TK273Calcula("UB_VRUNIT");€€€€€€€€€€€€€€ ;;;1;ž€;;;;S;A;R;;;;;;;;;;;S;;;N;N;N;;
SGA;06;GA_PRCVEN;N;18;8;Preco Venda;Precio Venta;Sales Price;Preco de Venda;Precio de Venta;Sale Price;@E 99,999,999.99999999;Positivo();€€€€€€€€€€€€€€ ;;;1;š€;;;;S;;;;;;;;;;;;;S;;;N;N;N;;
SFT;90;FT_PRCUNIT;N;16;2;Preço Unit.;Precio Unit.;Unit Price;Preço Unitário;Precio Unitário;Unit Price;@E 9,999,999,999.99;;€€€€€€€€€€€€€€ ;;;1;”€;;;;N;A;;;;;;;;;;;;S;;;N;N;N;;
